id,day_of_week,age_band_of_driver,sex_of_driver,educational_level,vehicle_driver_relation,driving_experience,type_of_vehicle,owner_of_vehicle,area_accident_occured,lanes_or_medians,road_alignment,types_of_junction,road_surface_conditions,light_conditions,weather_conditions,type_of_collision,number_of_vehicles_involved,number_of_casualties,vehicle_movement,age_band_of_casualty,casualty_severity,cause_of_accident,accident_severity,hour
720,Friday,18-30,Male,Junior high school,Owner,5-10yr,Other,Owner,Office areas,Two-way (divided with broken lines road marking),Tangent road with flat terrain,Crossing,Dry,Darkness - lights lit,Normal,Vehicle with vehicle collision,2,1,Going straight,na,na,Changing lane to the right,Slight Injury,17
721,Friday,Under 18,Male,Junior high school,Employee,1-2yr,Other,Governmental,Residential areas,Undivided Two way,Tangent road with flat terrain,Crossing,Dry,Darkness - lights lit,Normal,Vehicle with vehicle collision,2,1,Going straight,31-50,2,Changing lane to the left,Slight Injury,17
722,Monday,Unknown,Female,Junior high school,Employee,Above 10yr,Other,Owner,Office areas,One way,Tangent road with flat terrain,Y Shape,Wet or damp,Daylight,Raining and Windy,Vehicle with vehicle collision,1,1,Going straight,na,na,No priority to vehicle,Slight Injury,8
723,Tuesday,18-30,Male,Junior high school,Employee,1-2yr,Public (13?45 seats),Owner,Office areas,Two-way (divided with broken lines road marking),Tangent road with flat terrain,Y Shape,Dry,Daylight,Normal,Vehicle with vehicle collision,2,1,Going straight,31-50,3,No distancing,Slight Injury,13
724,Tuesday,Under 18,Male,Junior high school,Employee,1-2yr,Lorry (41?100Q),Owner,Church areas,Double carriageway (median),Tangent road with flat terrain,Y Shape,Dry,Daylight,Normal,Vehicle with vehicle collision,2,1,Going straight,31-50,3,No priority to vehicle,Slight Injury,13
725,Friday,Unknown,Female,Junior high school,Employee,2-5yr,Public (12 seats),Owner,Church areas,Undivided Two way,Tangent road with flat terrain,Crossing,Wet or damp,Darkness - lights lit,Raining,Collision with pedestrians,3,1,Going straight,18-30,3,Driving under the influence of drugs,Slight Injury,23
726,Friday,18-30,Male,High school,Employee,1-2yr,Automobile,Owner,Residential areas,Undivided Two way,Tangent road with flat terrain,Crossing,Wet or damp,Darkness - lights lit,Raining,Rollover,3,1,Going straight,na,na,Changing lane to the right,Slight Injury,23
727,Friday,18-30,Female,Junior high school,Employee,1-2yr,Automobile,Owner,Other,Undivided Two way,Tangent road with flat terrain,Crossing,Wet or damp,Darkness - lights lit,Raining,Vehicle with vehicle collision,3,1,Going straight,18-30,2,No distancing,Slight Injury,23
728,Tuesday,31-50,Male,Elementary school,Employee,Above 10yr,Stationwagen,Owner,Other,other,Tangent road with flat terrain,Crossing,Dry,Darkness - lights lit,Normal,Rollover,2,1,Going straight,Under 18,3,No distancing,Slight Injury,20
729,Tuesday,18-30,Unknown,Junior high school,Employee,Above 10yr,Lorry (41?100Q),Owner,NaN,Undivided Two way,Tangent road with flat terrain,Crossing,Dry,Darkness - lights lit,Normal,Unknown,2,1,Going straight,Under 18,2,Changing lane to the left,Slight Injury,20
730,Friday,31-50,Male,Elementary school,Employee,Above 10yr,Lorry (41?100Q),Owner,Residential areas,Undivided Two way,Tangent road with flat terrain,Y Shape,Dry,Daylight,Normal,Vehicle with vehicle collision,1,1,Going straight,na,na,Changing lane to the right,Slight Injury,10
731,Monday,18-30,Male,Junior high school,Employee,Above 10yr,Lorry (41?100Q),Owner,Office areas,Undivided Two way,Tangent road with flat terrain,No junction,Wet or damp,Darkness - lights lit,Normal,Vehicle with vehicle collision,2,2,Reversing,Over 51,2,Changing lane to the right,Slight Injury,16
732,Monday,Over 51,Male,Junior high school,Employee,1-2yr,Public (> 45 seats),Owner,Residential areas,Undivided Two way,Tangent road with flat terrain,No junction,Wet or damp,Darkness - lights lit,Normal,Fall from vehicles,2,2,Going straight,31-50,2,Driving under the influence of drugs,Slight Injury,16
733,Monday,Over 51,Male,Junior high school,Employee,5-10yr,Public (12 seats),Owner,Other,Two-way (divided with broken lines road marking),Tangent road with flat terrain,No junction,Wet or damp,Darkness - lights lit,Normal,Vehicle with vehicle collision,2,2,Going straight,na,na,Moving Backward,Slight Injury,16
734,Sunday,Over 51,Male,High school,Owner,2-5yr,Other,Owner,Other,Two-way (divided with broken lines road marking),Tangent road with flat terrain,No junction,Wet or damp,Darkness - lights lit,Normal,Collision with roadside objects,2,5,Going straight,31-50,3,Changing lane to the left,Slight Injury,18
735,Sunday,Over 51,Male,Junior high school,Employee,2-5yr,Public (12 seats),Owner,Recreational areas,Two-way (divided with broken lines road marking),Tangent road with flat terrain,No junction,Wet or damp,Darkness - lights lit,Normal,Vehicle with vehicle collision,2,5,Unknown,18-30,3,No priority to pedestrian,Slight Injury,18
736,Sunday,31-50,Male,Junior high school,Employee,5-10yr,Other,Owner,Church areas,One way,Tangent road with flat terrain,No junction,Wet or damp,Darkness - lights lit,Normal,Vehicle with vehicle collision,2,5,Going straight,Over 51,3,No distancing,Slight Injury,18
737,Sunday,31-50,Male,Junior high school,Employee,5-10yr,Public (12 seats),Owner,School areas,Two-way (divided with broken lines road marking),Tangent road with flat terrain,No junction,Wet or damp,Darkness - lights lit,Normal,Vehicle with vehicle collision,2,5,Going straight,na,na,No distancing,Slight Injury,18
738,Sunday,31-50,Male,Junior high school,Employee,2-5yr,Stationwagen,Owner,Office areas,Undivided Two way,Tangent road with flat terrain,No junction,Wet or damp,Darkness - lights lit,Normal,Collision with pedestrians,2,5,Going straight,18-30,3,Changing lane to the left,Slight Injury,18
739,Thursday,Unknown,Female,High school,Employee,Above 10yr,Automobile,Owner,Other,NaN,Tangent road with flat terrain,No junction,Wet or damp,Darkness - lights lit,Raining,Vehicle with vehicle collision,2,1,Going straight,na,na,Changing lane to the right,Slight Injury,15
740,Thursday,31-50,Male,Elementary school,Employee,5-10yr,Lorry (41?100Q),Owner,Residential areas,Undivided Two way,Tangent road with flat terrain,No junction,Wet or damp,Darkness - lights lit,Raining,Vehicle with vehicle collision,2,1,Going straight,18-30,2,Driving carelessly,Slight Injury,15
741,Friday,Under 18,Male,Junior high school,Employee,Above 10yr,Special vehicle,Owner,Other,Undivided Two way,Tangent road with flat terrain,Crossing,Wet or damp,Darkness - lights lit,Normal,Unknown,2,1,Going straight,na,na,No distancing,Slight Injury,15
742,Friday,Over 51,Male,Writing & reading,Employee,2-5yr,Lorry (41?100Q),Owner,Other,other,Steep grade downward with mountainous terrain,Crossing,Wet or damp,Darkness - lights lit,Normal,Rollover,2,1,Unknown,na,na,Changing lane to the left,Slight Injury,15
743,Thursday,18-30,Male,Junior high school,Employee,2-5yr,Lorry (41?100Q),Owner,Office areas,One way,Steep grade downward with mountainous terrain,O Shape,Wet or damp,Daylight,Normal,Collision with roadside objects,2,1,Moving Backward,18-30,3,Moving Backward,Serious Injury,7
744,Thursday,31-50,Male,High school,Employee,2-5yr,Public (> 45 seats),Owner,Residential areas,Two-way (divided with broken lines road marking),Tangent road with flat terrain,O Shape,Wet or damp,Daylight,Normal,Vehicle with vehicle collision,2,1,Going straight,31-50,2,No distancing,Serious Injury,7
745,Monday,31-50,Male,Junior high school,Employee,1-2yr,Automobile,Owner,Other,Two-way (divided with broken lines road marking),Tangent road with flat terrain,Y Shape,Dry,Daylight,Normal,Vehicle with vehicle collision,1,1,Turnover,18-30,2,No priority to pedestrian,Serious Injury,17
746,Monday,31-50,Male,High school,Employee,5-10yr,Automobile,Organization,Residential areas,Undivided Two way,Tangent road with flat terrain,No junction,Wet or damp,Daylight,Cloudy,Collision with roadside objects,1,1,Turnover,Under 18,3,Changing lane to the left,Slight Injury,15
747,Monday,Over 51,Male,Elementary school,Employee,2-5yr,Automobile,Owner,Church areas,Two-way (divided with broken lines road marking),Tangent road with flat terrain,Unknown,Dry,Daylight,Normal,Vehicle with vehicle collision,2,2,Reversing,na,na,No distancing,Slight Injury,9
748,Monday,Over 51,Male,Junior high school,Employee,1-2yr,Public (> 45 seats),Governmental,Residential areas,Two-way (divided with broken lines road marking),Tangent road with flat terrain,Unknown,Dry,Daylight,Normal,Vehicle with vehicle collision,2,2,Reversing,31-50,3,Driving carelessly,Slight Injury,9
749,Monday,Unknown,Female,Elementary school,Employee,1-2yr,Lorry (11?40Q),Owner,Office areas,One way,Tangent road with flat terrain,Unknown,Dry,Daylight,Normal,Vehicle with vehicle collision,2,2,Reversing,31-50,3,No priority to vehicle,Slight Injury,9
750,Friday,18-30,Male,High school,Employee,No Licence,Pick up upto 10Q,Governmental,Residential areas,Two-way (divided with broken lines road marking),Tangent road with flat terrain,No junction,Wet or damp,Daylight,Raining,Rollover,1,1,Moving Backward,na,na,Changing lane to the right,Slight Injury,10
751,Thursday,Over 51,Male,Junior high school,Owner,5-10yr,Lorry (11?40Q),Owner,Other,One way,Tangent road with flat terrain,Y Shape,Wet or damp,Daylight,Other,Rollover,1,1,Going straight,na,na,Moving Backward,Slight Injury,8
752,Thursday,18-30,Male,Junior high school,Employee,1-2yr,Pick up upto 10Q,Owner,Industrial areas,Two-way (divided with broken lines road marking),Tangent road with flat terrain,No junction,Wet or damp,Daylight,Raining,Collision with pedestrians,2,1,Going straight,18-30,3,No priority to vehicle,Serious Injury,13
753,Thursday,Under 18,Male,Junior high school,Employee,2-5yr,Special vehicle,Owner,Church areas,Two-way (divided with broken lines road marking),Tangent road with flat terrain,No junction,Wet or damp,Daylight,Raining,Unknown,2,1,Going straight,31-50,3,No priority to pedestrian,Serious Injury,13
754,Wednesday,18-30,Male,Junior high school,Employee,5-10yr,Lorry (11?40Q),Owner,Residential areas,Undivided Two way,Steep grade downward with mountainous terrain,Y Shape,Wet or damp,Darkness - lights lit,Normal,Vehicle with vehicle collision,2,1,Going straight,31-50,3,Changing lane to the left,Slight Injury,17
755,Wednesday,31-50,Male,NaN,NaN,NaN,NaN,NaN,NaN,Two-way (divided with broken lines road marking),Tangent road with flat terrain,Y Shape,Wet or damp,Darkness - lights lit,Normal,Vehicle with vehicle collision,2,1,Going straight,18-30,2,Changing lane to the left,Slight Injury,17
756,Saturday,18-30,Male,NaN,NaN,NaN,NaN,NaN,NaN,Two-way (divided with broken lines road marking),Tangent road with flat terrain,Y Shape,Wet or damp,Darkness - lights lit,Raining,Collision with pedestrians,1,1,Going straight,na,na,Driving under the influence of drugs,Fatal injury,21
757,Wednesday,Under 18,Male,Junior high school,Employee,2-5yr,Lorry (41?100Q),Owner,Office areas,Undivided Two way,Tangent road with flat terrain,Crossing,Wet or damp,Darkness - lights lit,Cloudy,Collision with pedestrians,2,1,Going straight,na,na,Moving Backward,Slight Injury,16
758,Wednesday,31-50,Male,Junior high school,Employee,Above 10yr,Other,Owner,Outside rural areas,Two-way (divided with broken lines road marking),Tangent road with mountainous terrain and,Crossing,Wet or damp,Darkness - lights lit,Cloudy,Vehicle with vehicle collision,2,1,Going straight,18-30,3,Changing lane to the right,Slight Injury,16
759,Tuesday,18-30,Male,Junior high school,Owner,Above 10yr,Other,Owner,Church areas,Two-way (divided with broken lines road marking),Steep grade downward with mountainous terrain,Y Shape,Dry,Darkness - lights lit,Normal,Vehicle with vehicle collision,2,1,Going straight,na,na,Changing lane to the right,Slight Injury,17
760,Tuesday,18-30,Male,NaN,NaN,NaN,Automobile,Owner,Office areas,other,Tangent road with mountainous terrain and,Y Shape,Dry,Darkness - lights lit,Normal,Vehicle with vehicle collision,2,1,Turnover,31-50,3,No distancing,Slight Injury,17
919,Saturday,31-50,Male,Illiterate,Owner,1-2yr,Automobile,Owner,Other,other,Tangent road with flat terrain,Other,Dry,Daylight,Normal,Vehicle with vehicle collision,2,1,Reversing,18-30,3,Changing lane to the left,Serious Injury,13
761,Saturday,31-50,Male,Elementary school,Owner,Above 10yr,Other,Owner,Church areas,Two-way (divided with broken lines road marking),Steep grade downward with mountainous terrain,No junction,Wet or damp,Darkness - lights lit,Windy,Collision with roadside objects,1,1,Going straight,31-50,3,Moving Backward,Slight Injury,22
762,Monday,18-30,Male,NaN,NaN,NaN,Automobile,NaN,Office areas,other,Tangent road with mountainous terrain and,No junction,Wet or damp,Daylight,Raining,Unknown,2,1,Moving Backward,18-30,3,No distancing,Slight Injury,7
763,Monday,18-30,Male,Junior high school,Owner,5-10yr,Public (13?45 seats),Governmental,Office areas,Undivided Two way,Tangent road with flat terrain,No junction,Wet or damp,Daylight,Raining,Collision with roadside objects,2,1,Going straight,18-30,2,Driving carelessly,Slight Injury,7
764,Sunday,31-50,Male,Junior high school,Owner,Above 10yr,Lorry (41?100Q),Owner,School areas,Two-way (divided with broken lines road marking),Tangent road with flat terrain,Y Shape,Dry,Darkness - lights lit,Normal,Vehicle with vehicle collision,2,1,Going straight,18-30,3,No priority to pedestrian,Slight Injury,20
765,Sunday,Unknown,Female,High school,Owner,Above 10yr,NaN,Owner,Residential areas,Two-way (divided with broken lines road marking),Tangent road with flat terrain,Y Shape,Dry,Darkness - lights lit,Normal,Vehicle with vehicle collision,2,1,Moving Backward,Over 51,3,No priority to vehicle,Slight Injury,20
766,Saturday,Over 51,Unknown,NaN,NaN,NaN,Automobile,Owner,Office areas,other,Tangent road with mountainous terrain and,Crossing,Wet or damp,Darkness - lights lit,Other,Collision with roadside objects,1,1,Going straight,Over 51,3,Moving Backward,Slight Injury,20
767,Thursday,18-30,Unknown,Elementary school,Employee,5-10yr,NaN,Owner,Rural village areasOffice areas,other,Tangent road with flat terrain,No junction,Wet or damp,Darkness - lights lit,Windy,Vehicle with vehicle collision,1,1,Going straight,31-50,3,Changing lane to the right,Slight Injury,18
768,Wednesday,31-50,Male,Elementary school,Owner,Above 10yr,Lorry (41?100Q),Owner,Other,Two-way (divided with broken lines road marking),Tangent road with flat terrain,Unknown,Wet or damp,Darkness - lights lit,Raining,Vehicle with vehicle collision,1,1,Waiting to go,31-50,3,No distancing,Slight Injury,16
769,Tuesday,18-30,Male,Junior high school,Owner,Below 1yr,NaN,Owner,Residential areas,Undivided Two way,Tangent road with flat terrain,O Shape,Wet or damp,Darkness - lights lit,Raining,Collision with roadside objects,2,1,Moving Backward,18-30,3,Driving carelessly,Serious Injury,18
770,Tuesday,18-30,Male,Junior high school,Owner,2-5yr,Lorry (41?100Q),Owner,Office areas,Undivided Two way,Tangent road with flat terrain,O Shape,Wet or damp,Darkness - lights lit,Raining,Collision with roadside objects,2,1,Moving Backward,Under 18,2,Changing lane to the left,Serious Injury,18
771,Monday,18-30,Unknown,Junior high school,Owner,2-5yr,Taxi,Owner,Office areas,Undivided Two way,Tangent road with flat terrain,No junction,Wet or damp,Daylight,Cloudy,Vehicle with vehicle collision,1,1,Going straight,18-30,3,Moving Backward,Slight Injury,15
772,Wednesday,Under 18,Unknown,High school,Owner,5-10yr,Lorry (41?100Q),Owner,Residential areas,Undivided Two way,Tangent road with flat terrain,No junction,Wet or damp,Darkness - lights lit,Raining,Unknown,2,2,Unknown,Over 51,3,No distancing,Slight Injury,18
773,Wednesday,18-30,Unknown,Junior high school,Owner,NaN,Lorry (41?100Q),Owner,Office areas,Undivided Two way,Tangent road with flat terrain,No junction,Wet or damp,Darkness - lights lit,Raining,Vehicle with vehicle collision,2,2,Going straight,na,na,Changing lane to the right,Slight Injury,18
774,Tuesday,31-50,Male,NaN,Owner,Below 1yr,Other,Owner,Office areas,Undivided Two way,Tangent road with flat terrain,Y Shape,Wet or damp,Darkness - lights lit,Normal,Vehicle with vehicle collision,1,2,Going straight,31-50,3,No priority to vehicle,Slight Injury,20
775,Tuesday,31-50,Male,Elementary school,Owner,Above 10yr,Stationwagen,Owner,Office areas,NaN,Tangent road with flat terrain,Y Shape,Wet or damp,Darkness - lights lit,Normal,Vehicle with vehicle collision,1,2,Going straight,Under 18,3,Getting off the vehicle improperly,Slight Injury,20
776,Monday,31-50,Unknown,Elementary school,Owner,Below 1yr,Stationwagen,Owner,Office areas,Two-way (divided with broken lines road marking),Tangent road with flat terrain,Y Shape,Dry,Darkness - lights lit,Normal,Vehicle with vehicle collision,2,1,Moving Backward,Under 18,3,No distancing,Slight Injury,17
777,Monday,18-30,Male,Junior high school,Owner,5-10yr,Lorry (41?100Q),Owner,Other,Undivided Two way,Tangent road with flat terrain,Y Shape,Dry,Darkness - lights lit,Normal,Vehicle with vehicle collision,2,1,Going straight,na,na,No distancing,Slight Injury,17
778,Wednesday,18-30,Male,Junior high school,Owner,5-10yr,Lorry (41?100Q),Owner,Other,Two-way (divided with broken lines road marking),Tangent road with flat terrain,Crossing,Wet or damp,Darkness - lights lit,Normal,Vehicle with vehicle collision,1,1,Going straight,18-30,2,Changing lane to the left,Serious Injury,20
779,Friday,31-50,Male,NaN,Owner,NaN,Other,Owner,Other,Two-way (divided with broken lines road marking),Tangent road with flat terrain,No junction,Dry,Darkness - lights lit,Normal,Vehicle with vehicle collision,2,2,Going straight,Over 51,3,No priority to vehicle,Slight Injury,22
1042,Sunday,18-30,Male,NaN,NaN,NaN,NaN,NaN,Residential areas,other,NaN,Y Shape,Wet or damp,Daylight,Normal,Collision with animals,2,1,Going straight,18-30,3,Changing lane to the right,Slight Injury,8
780,Friday,31-50,Male,Junior high school,Employee,1-2yr,Automobile,Owner,Residential areas,One way,Tangent road with flat terrain,No junction,Dry,Darkness - lights lit,Normal,Vehicle with vehicle collision,2,2,Going straight,Under 18,3,Driving carelessly,Slight Injury,22
781,Friday,18-30,Male,High school,Owner,5-10yr,NaN,Owner,School areas,Undivided Two way,Tangent road with mild grade and flat terrain,No junction,Dry,Darkness - lights lit,Normal,Unknown,2,2,Going straight,na,na,Changing lane to the right,Slight Injury,22
782,Friday,Over 51,Male,Junior high school,Employee,5-10yr,Taxi,Owner,Residential areas,Undivided Two way,Tangent road with mild grade and flat terrain,Y Shape,Wet or damp,Daylight,Normal,Vehicle with vehicle collision,1,1,Reversing,31-50,3,No distancing,Slight Injury,15
783,Wednesday,31-50,Male,Junior high school,Employee,5-10yr,Lorry (41?100Q),Owner,Office areas,Two-way (divided with broken lines road marking),Tangent road with flat terrain,Y Shape,Dry,Darkness - lights lit,Normal,Vehicle with vehicle collision,2,1,Going straight,Under 18,2,Changing lane to the right,Slight Injury,17
784,Wednesday,18-30,Male,Junior high school,Employee,5-10yr,Other,Owner,Church areas,One way,Tangent road with flat terrain,Y Shape,Dry,Darkness - lights lit,Normal,Vehicle with vehicle collision,2,1,Going straight,na,na,No distancing,Slight Injury,17
785,Saturday,18-30,Male,Junior high school,Employee,Above 10yr,Automobile,Owner,Other,Undivided Two way,Tangent road with flat terrain,Crossing,Wet or damp,Darkness - lights lit,Raining,Vehicle with vehicle collision,3,1,Going straight,18-30,3,Driving under the influence of drugs,Slight Injury,6
786,Saturday,Over 51,Unknown,Junior high school,Employee,5-10yr,Public (> 45 seats),Owner,Other,One way,Tangent road with flat terrain,Crossing,Wet or damp,Darkness - lights lit,Raining,Vehicle with vehicle collision,3,1,Going straight,18-30,3,Changing lane to the left,Slight Injury,6
787,Saturday,Over 51,Male,Junior high school,Employee,No Licence,Stationwagen,Owner,Other,Two-way (divided with broken lines road marking),Tangent road with flat terrain,Crossing,Wet or damp,Darkness - lights lit,Raining,Vehicle with vehicle collision,3,1,Going straight,31-50,3,Getting off the vehicle improperly,Slight Injury,6
788,Thursday,Over 51,Male,Above high school,Employee,Below 1yr,Automobile,Owner,Other,Two-way (divided with broken lines road marking),Tangent road with flat terrain,Y Shape,Wet or damp,Daylight,Normal,Vehicle with vehicle collision,2,1,Going straight,18-30,3,Overloading,Serious Injury,11
789,Thursday,18-30,Male,Elementary school,Employee,5-10yr,Lorry (41?100Q),Owner,Office areas,Undivided Two way,Tangent road with flat terrain,Y Shape,Wet or damp,Daylight,Normal,Collision with roadside objects,2,1,Going straight,Over 51,2,Driving carelessly,Serious Injury,11
790,Wednesday,18-30,Unknown,Elementary school,Employee,5-10yr,Other,Owner,Office areas,Two-way (divided with solid lines road marking),Tangent road with flat terrain,Y Shape,Dry,Darkness - lights lit,Normal,Vehicle with vehicle collision,2,2,Going straight,na,na,Overtaking,Slight Injury,17
791,Wednesday,18-30,Male,Junior high school,Employee,5-10yr,Public (13?45 seats),Owner,Residential areas,Undivided Two way,Tangent road with flat terrain,Y Shape,Dry,Darkness - lights lit,Normal,Collision with pedestrians,2,2,Waiting to go,na,na,No distancing,Slight Injury,17
792,Wednesday,18-30,Male,High school,Employee,5-10yr,Other,Owner,Office areas,One way,Tangent road with flat terrain,Y Shape,Dry,Darkness - lights lit,Normal,Unknown,2,2,Going straight,31-50,2,Overturning,Slight Injury,17
793,Friday,31-50,Male,Junior high school,Employee,5-10yr,Other,Owner,Residential areas,Two-way (divided with broken lines road marking),Tangent road with flat terrain,Y Shape,Dry,Darkness - lights lit,Normal,Collision with roadside objects,1,1,Going straight,18-30,3,Driving carelessly,Slight Injury,17
794,Monday,18-30,Male,Junior high school,Employee,2-5yr,Ridden horse,Owner,Office areas,Undivided Two way,Tangent road with flat terrain,Crossing,Wet or damp,Daylight,Raining,Vehicle with vehicle collision,2,2,Going straight,18-30,3,No priority to pedestrian,Slight Injury,10
795,Monday,Over 51,Male,Writing & reading,Employee,5-10yr,Lorry (41?100Q),Owner,Other,Two-way (divided with broken lines road marking),Tangent road with flat terrain,Crossing,Wet or damp,Daylight,Raining,Vehicle with vehicle collision,2,2,Going straight,Under 18,3,No distancing,Slight Injury,10
796,Monday,31-50,Male,Junior high school,Employee,Above 10yr,Lorry (41?100Q),Owner,Office areas,One way,Tangent road with flat terrain,Y Shape,Wet or damp,Daylight,Raining,Vehicle with vehicle collision,2,1,Going straight,na,na,No priority to vehicle,Slight Injury,10
797,Monday,31-50,Male,Junior high school,Employee,1-2yr,Pick up upto 10Q,Owner,School areas,Undivided Two way,Tangent road with flat terrain,Y Shape,Wet or damp,Daylight,Raining,Vehicle with vehicle collision,2,1,Going straight,18-30,3,Getting off the vehicle improperly,Slight Injury,10
798,Friday,18-30,Male,Writing & reading,Employee,Below 1yr,Lorry (11?40Q),Owner,Residential areas,One way,Tangent road with flat terrain,Y Shape,Wet or damp,Darkness - lights lit,Raining,Vehicle with vehicle collision,1,1,Going straight,31-50,3,No priority to pedestrian,Serious Injury,18
799,Saturday,18-30,Male,Elementary school,Employee,1-2yr,Automobile,Owner,Office areas,Undivided Two way,Tangent road with flat terrain,Y Shape,Wet or damp,Darkness - lights lit,Raining,Rollover,2,2,Going straight,Over 51,3,Changing lane to the right,Slight Injury,17
800,Saturday,18-30,Male,Junior high school,Employee,5-10yr,Automobile,Owner,Residential areas,Undivided Two way,Tangent road with flat terrain,Y Shape,Wet or damp,Darkness - lights lit,Raining,Collision with roadside objects,2,2,Going straight,na,na,Moving Backward,Slight Injury,17
801,Saturday,Over 51,Male,Elementary school,Employee,Above 10yr,Pick up upto 10Q,Owner,Office areas,Undivided Two way,Tangent road with flat terrain,Crossing,Wet or damp,Darkness - no lighting,Raining,Vehicle with vehicle collision,1,1,Going straight,Under 18,3,Changing lane to the left,Serious Injury,17
802,Wednesday,18-30,Male,Junior high school,Employee,5-10yr,Automobile,Owner,Residential areas,One way,Tangent road with flat terrain,Y Shape,Wet or damp,Darkness - lights lit,Raining,Collision with roadside objects,1,1,Going straight,na,na,No distancing,Slight Injury,17
803,Monday,18-30,Male,Elementary school,Employee,2-5yr,Other,Owner,Other,other,Tangent road with flat terrain,Y Shape,Dry,Darkness - lights lit,Normal,Vehicle with vehicle collision,2,2,Going straight,Under 18,3,Driving carelessly,Slight Injury,19
804,Monday,31-50,Male,Junior high school,Employee,2-5yr,Lorry (41?100Q),Other,Other,Two-way (divided with broken lines road marking),Tangent road with flat terrain,Y Shape,Dry,Darkness - lights lit,Normal,Vehicle with vehicle collision,2,2,Going straight,na,na,Driving under the influence of drugs,Slight Injury,19
805,Thursday,31-50,Male,Junior high school,Employee,Above 10yr,Public (13?45 seats),Owner,Office areas,Two-way (divided with broken lines road marking),Tangent road with flat terrain,No junction,Wet or damp,Darkness - lights lit,Raining,Vehicle with vehicle collision,1,2,Turnover,Over 51,2,Driving carelessly,Serious Injury,21
806,Thursday,31-50,Male,Junior high school,Employee,2-5yr,Pick up upto 10Q,Owner,Office areas,Two-way (divided with broken lines road marking),Tangent road with flat terrain,No junction,Wet or damp,Darkness - lights lit,Raining,Vehicle with vehicle collision,1,2,Reversing,Under 18,3,Driving carelessly,Serious Injury,21
807,Monday,Over 51,Unknown,Junior high school,Owner,Below 1yr,Stationwagen,Owner,Residential areas,Two-way (divided with broken lines road marking),Tangent road with flat terrain,Y Shape,Dry,Daylight,Normal,Vehicle with vehicle collision,2,1,Moving Backward,Under 18,3,Changing lane to the right,Slight Injury,13
808,Monday,Over 51,Male,Junior high school,Employee,2-5yr,Other,Owner,Other,Two-way (divided with broken lines road marking),Tangent road with flat terrain,Y Shape,Dry,Daylight,Normal,Collision with roadside objects,2,1,Going straight,na,na,No distancing,Slight Injury,13
809,Thursday,31-50,Male,Junior high school,Employee,Above 10yr,Pick up upto 10Q,Governmental,Other,Undivided Two way,Tangent road with flat terrain,Y Shape,Wet or damp,Darkness - lights lit,Normal,Vehicle with vehicle collision,1,1,Moving Backward,18-30,3,Driving carelessly,Slight Injury,4
810,Friday,31-50,Male,Junior high school,Employee,2-5yr,Public (13?45 seats),Owner,Office areas,Two-way (divided with broken lines road marking),Tangent road with flat terrain,Y Shape,Dry,Daylight,Normal,Collision with roadside objects,2,1,Going straight,na,na,No priority to pedestrian,Slight Injury,13
811,Friday,Over 51,Male,Elementary school,Employee,Above 10yr,Public (12 seats),Owner,Office areas,Two-way (divided with broken lines road marking),Tangent road with flat terrain,Y Shape,Dry,Daylight,Normal,Vehicle with vehicle collision,2,1,Going straight,31-50,3,No distancing,Slight Injury,13
812,Thursday,31-50,Male,Elementary school,Employee,Above 10yr,Lorry (41?100Q),Owner,Church areas,Undivided Two way,Tangent road with flat terrain,Other,Dry,Darkness - lights lit,Normal,Vehicle with vehicle collision,1,1,Going straight,18-30,2,Moving Backward,Serious Injury,17
813,Sunday,Over 51,Unknown,Elementary school,Other,Above 10yr,Pick up upto 10Q,Governmental,Other,One way,Tangent road with flat terrain,Crossing,Dry,Daylight,Normal,Vehicle with vehicle collision,2,1,Going straight,na,na,Moving Backward,Slight Injury,12
814,Sunday,31-50,Male,Junior high school,Employee,Above 10yr,Lorry (41?100Q),Owner,Office areas,Undivided Two way,Tangent road with flat terrain,Crossing,Dry,Daylight,Normal,Vehicle with vehicle collision,2,1,Going straight,18-30,3,No priority to vehicle,Slight Injury,12
815,Tuesday,18-30,Male,Junior high school,Employee,Below 1yr,Pick up upto 10Q,Owner,Office areas,Two-way (divided with broken lines road marking),Tangent road with flat terrain,No junction,Dry,Daylight,Normal,Vehicle with vehicle collision,2,1,Unknown,na,na,No distancing,Slight Injury,13
816,Tuesday,31-50,Male,Elementary school,Employee,5-10yr,Long lorry,Owner,Residential areas,Two-way (divided with broken lines road marking),Tangent road with flat terrain,No junction,Dry,Daylight,Normal,Vehicle with vehicle collision,2,1,Going straight,31-50,3,Moving Backward,Slight Injury,13
817,Tuesday,31-50,Male,Junior high school,Employee,2-5yr,NaN,NaN,Other,Undivided Two way,Tangent road with flat terrain,Crossing,Dry,Daylight,Normal,Vehicle with vehicle collision,3,3,Unknown,Over 51,1,Changing lane to the right,Slight Injury,12