id,day_of_week,age_band_of_driver,sex_of_driver,educational_level,vehicle_driver_relation,driving_experience,type_of_vehicle,owner_of_vehicle,area_accident_occured,lanes_or_medians,road_alignment,types_of_junction,road_surface_conditions,light_conditions,weather_conditions,type_of_collision,number_of_vehicles_involved,number_of_casualties,vehicle_movement,age_band_of_casualty,casualty_severity,cause_of_accident,accident_severity,hour
1238,Thursday,Over 51,Male,High school,Employee,1-2yr,Motorcycle,Governmental,Outside rural areas,Undivided Two way,Tangent road with flat terrain,Y Shape,Dry,Daylight,Normal,Vehicle with vehicle collision,1,1,Going straight,Under 18,3,Driving carelessly,Slight Injury,14
1239,Monday,31-50,Male,High school,Employee,5-10yr,Pick up upto 10Q,Owner,Outside rural areas,other,Steep grade downward with mountainous terrain,Other,Dry,Daylight,Normal,Vehicle with vehicle collision,2,1,Moving Backward,na,na,No distancing,Slight Injury,15
1240,Monday,Under 18,Male,High school,Employee,2-5yr,Lorry (11?40Q),Owner,School areas,other,Steep grade downward with mountainous terrain,Other,Dry,Daylight,Normal,Vehicle with vehicle collision,2,1,Going straight,18-30,3,No priority to vehicle,Slight Injury,15
1241,Thursday,31-50,Male,Junior high school,Employee,1-2yr,Lorry (11?40Q),Owner,Outside rural areas,Two-way (divided with broken lines road marking),Tangent road with flat terrain,Y Shape,Dry,Daylight,Normal,Vehicle with vehicle collision,2,1,Going straight,na,na,Changing lane to the right,Slight Injury,8
1242,Thursday,18-30,Male,Above high school,Employee,Above 10yr,Automobile,Owner,Outside rural areas,Undivided Two way,Tangent road with flat terrain,Y Shape,Dry,Daylight,Normal,Vehicle with vehicle collision,2,1,Waiting to go,31-50,3,No priority to pedestrian,Slight Injury,8
1243,Tuesday,18-30,Male,Above high school,Employee,2-5yr,Automobile,Owner,Outside rural areas,Two-way (divided with broken lines road marking),Escarpments,No junction,Wet or damp,Darkness - lights lit,Raining,Vehicle with vehicle collision,2,3,Moving Backward,na,na,No priority to vehicle,Slight Injury,19
1244,Tuesday,18-30,Male,Elementary school,Employee,5-10yr,Other,Owner,Outside rural areas,Two-way (divided with broken lines road marking),Tangent road with mountainous terrain and,No junction,Wet or damp,Darkness - lights lit,Raining,Vehicle with vehicle collision,2,3,Moving Backward,31-50,3,Changing lane to the left,Slight Injury,19
1245,Tuesday,18-30,Male,Elementary school,Employee,1-2yr,Other,Owner,Office areas,Undivided Two way,Tangent road with mountainous terrain and,No junction,Wet or damp,Darkness - lights lit,Raining,Vehicle with vehicle collision,2,3,Going straight,Over 51,3,Turnover,Slight Injury,19
1246,Friday,Over 51,Male,Junior high school,Employee,NaN,Automobile,Owner,Outside rural areas,Undivided Two way,Tangent road with mountainous terrain and,Crossing,Dry,Daylight,Normal,Vehicle with vehicle collision,2,1,Unknown,Over 51,3,Driving to the left,Serious Injury,12
1247,Friday,18-30,Male,NaN,NaN,NaN,Taxi,Owner,Outside rural areas,Undivided Two way,Tangent road with mountainous terrain and,Crossing,Dry,Daylight,Normal,Vehicle with vehicle collision,2,1,Going straight,na,na,Driving carelessly,Serious Injury,12
1248,Tuesday,31-50,Male,Elementary school,Employee,5-10yr,Other,Owner,Outside rural areas,Undivided Two way,Tangent road with flat terrain,Y Shape,Dry,Daylight,Normal,Vehicle with vehicle collision,2,2,Going straight,31-50,3,Driving to the left,Slight Injury,17
1249,Tuesday,Over 51,Male,Junior high school,Employee,2-5yr,Taxi,Owner,Office areas,Undivided Two way,Tangent road with flat terrain,Y Shape,Dry,Daylight,Normal,Vehicle with vehicle collision,2,2,Going straight,Over 51,3,Driving carelessly,Slight Injury,17
1250,Saturday,Over 51,Male,Junior high school,Employee,5-10yr,Lorry (11?40Q),Owner,Recreational areas,Undivided Two way,Tangent road with flat terrain,Crossing,Dry,Daylight,Normal,Vehicle with vehicle collision,2,1,Moving Backward,Over 51,3,No priority to pedestrian,Slight Injury,11
1251,Saturday,18-30,Male,High school,Employee,2-5yr,Automobile,Owner,Office areas,Undivided Two way,Tangent road with flat terrain,Crossing,Dry,Daylight,Normal,Vehicle with vehicle collision,2,1,Going straight,na,na,Driving carelessly,Slight Injury,11
1252,Thursday,Over 51,Male,Junior high school,Employee,1-2yr,Other,Owner,Other,Two-way (divided with broken lines road marking),Tangent road with mild grade and flat terrain,No junction,Dry,Daylight,Normal,Vehicle with vehicle collision,2,1,Going straight,na,na,Changing lane to the right,Slight Injury,14
1253,Thursday,Over 51,Male,Junior high school,Employee,1-2yr,Automobile,Owner,Residential areas,Two-way (divided with broken lines road marking),Tangent road with flat terrain,No junction,Dry,Daylight,Normal,Vehicle with vehicle collision,2,1,Going straight,18-30,3,Moving Backward,Slight Injury,14
1254,Wednesday,31-50,Male,Junior high school,Employee,5-10yr,Automobile,Owner,Residential areas,other,Tangent road with flat terrain,Crossing,Dry,Daylight,Normal,Collision with roadside objects,2,1,Going straight,na,na,Driving carelessly,Slight Injury,16
1255,Wednesday,18-30,Male,Illiterate,Employee,unknown,Automobile,Owner,Residential areas,Undivided Two way,Tangent road with flat terrain,Crossing,Dry,Daylight,Normal,Collision with roadside objects,2,1,Going straight,Under 18,3,Changing lane to the right,Slight Injury,16
1256,Friday,31-50,Male,Junior high school,Employee,5-10yr,Automobile,Owner,Other,Undivided Two way,Tangent road with flat terrain,Other,Dry,Daylight,Normal,Vehicle with vehicle collision,2,2,Reversing,na,na,Driving carelessly,Slight Injury,15
1257,Friday,31-50,Male,Junior high school,Employee,1-2yr,Lorry (41?100Q),Owner,Office areas,Two-way (divided with broken lines road marking),Tangent road with flat terrain,Other,Dry,Daylight,Normal,Vehicle with vehicle collision,2,2,Going straight,31-50,3,Driving carelessly,Slight Injury,15
1258,Friday,18-30,Male,Junior high school,Employee,2-5yr,Other,Owner,Other,Two-way (divided with broken lines road marking),Tangent road with flat terrain,Other,Dry,Daylight,Normal,Vehicle with vehicle collision,2,2,Going straight,31-50,3,Driving carelessly,Slight Injury,15
1259,Wednesday,18-30,Male,Junior high school,Employee,Above 10yr,Pick up upto 10Q,Owner,Other,other,Tangent road with flat terrain,No junction,Dry,Daylight,Normal,Vehicle with vehicle collision,2,1,Going straight,Over 51,2,Changing lane to the right,Slight Injury,17
1260,Wednesday,Under 18,Male,Junior high school,Owner,5-10yr,Pick up upto 10Q,Owner,Office areas,Two-way (divided with broken lines road marking),Tangent road with flat terrain,No junction,Dry,Daylight,Normal,Collision with roadside objects,2,1,Going straight,na,na,Changing lane to the right,Slight Injury,17
1261,Saturday,18-30,Male,High school,Employee,1-2yr,Automobile,Owner,Church areas,other,Tangent road with flat terrain,No junction,Dry,Daylight,Normal,Vehicle with vehicle collision,2,2,Going straight,Over 51,3,Driving carelessly,Slight Injury,12
1262,Saturday,31-50,Male,Junior high school,Employee,Above 10yr,Long lorry,Owner,Other,Two-way (divided with broken lines road marking),Tangent road with flat terrain,No junction,Dry,Daylight,Normal,Collision with roadside objects,2,2,Going straight,Over 51,3,Overtaking,Slight Injury,12
1263,Saturday,31-50,Male,Junior high school,Employee,1-2yr,Automobile,Owner,Other,One way,Tangent road with flat terrain,No junction,Dry,Daylight,Normal,Collision with roadside objects,2,2,Going straight,na,na,Changing lane to the right,Slight Injury,12
1264,Tuesday,18-30,Male,Junior high school,Employee,2-5yr,Public (13?45 seats),Owner,Office areas,Double carriageway (median),Tangent road with flat terrain,Crossing,Wet or damp,Daylight,Normal,Collision with pedestrians,1,1,Going straight,Under 18,3,No distancing,Slight Injury,16
1265,Thursday,Unknown,Male,Junior high school,Employee,Above 10yr,Lorry (41?100Q),Owner,Office areas,One way,Tangent road with mild grade and flat terrain,No junction,Dry,Daylight,Normal,Vehicle with vehicle collision,2,1,Waiting to go,Under 18,3,Other,Slight Injury,8
1266,Thursday,18-30,Male,Junior high school,Employee,2-5yr,Public (13?45 seats),Owner,Office areas,Undivided Two way,Tangent road with flat terrain,No junction,Dry,Daylight,Normal,Collision with roadside objects,2,1,Going straight,18-30,2,Changing lane to the right,Slight Injury,8
1267,Friday,31-50,Male,Elementary school,Employee,5-10yr,Other,Owner,Office areas,Double carriageway (median),Tangent road with flat terrain,No junction,Dry,Darkness - no lighting,Normal,Vehicle with vehicle collision,1,1,Going straight,18-30,3,Changing lane to the right,Fatal injury,17
1268,Monday,18-30,Male,NaN,NaN,NaN,Lorry (41?100Q),Owner,NaN,Two-way (divided with broken lines road marking),Tangent road with flat terrain,Y Shape,Dry,Daylight,Normal,Vehicle with vehicle collision,2,1,Going straight,Under 18,3,Overtaking,Serious Injury,17
1269,Monday,31-50,Male,Elementary school,Employee,1-2yr,Lorry (41?100Q),Owner,Office areas,Undivided Two way,Tangent road with flat terrain,Y Shape,Dry,Daylight,Normal,Vehicle with vehicle collision,2,1,Going straight,18-30,3,Other,Serious Injury,17
1270,Saturday,18-30,Male,Elementary school,Employee,5-10yr,Long lorry,Owner,Other,NaN,Tangent road with flat terrain,Y Shape,Dry,Daylight,Normal,Vehicle with vehicle collision,1,1,Going straight,18-30,3,Driving to the left,Serious Injury,14
1271,Thursday,18-30,Male,Elementary school,Employee,5-10yr,Pick up upto 10Q,Owner,Other,Double carriageway (median),Tangent road with flat terrain,Y Shape,Dry,Daylight,Normal,Vehicle with vehicle collision,2,1,Going straight,Under 18,3,Overtaking,Slight Injury,9
1272,Thursday,31-50,Male,Junior high school,Employee,1-2yr,Pick up upto 10Q,Governmental,Other,Two-way (divided with broken lines road marking),Tangent road with flat terrain,Y Shape,Dry,Daylight,Normal,Vehicle with vehicle collision,2,1,Going straight,na,na,No priority to vehicle,Slight Injury,9
1273,Tuesday,Over 51,Male,Junior high school,Employee,5-10yr,Lorry (41?100Q),Owner,Office areas,NaN,Tangent road with flat terrain,Crossing,Dry,Daylight,Normal,Collision with roadside objects,1,1,Going straight,18-30,3,Moving Backward,Slight Injury,7
1274,Sunday,18-30,Male,Junior high school,Employee,5-10yr,Lorry (41?100Q),Owner,Office areas,NaN,Tangent road with flat terrain,Unknown,Dry,Daylight,Normal,Vehicle with vehicle collision,2,2,Going straight,na,na,Other,Slight Injury,12
1275,Sunday,18-30,Male,Junior high school,Employee,2-5yr,Automobile,Owner,Office areas,Two-way (divided with broken lines road marking),Tangent road with flat terrain,Unknown,Dry,Daylight,Normal,Collision with roadside objects,2,2,Going straight,18-30,3,No priority to vehicle,Slight Injury,12
1276,Sunday,18-30,Male,Junior high school,Employee,1-2yr,Other,Governmental,Office areas,Two-way (divided with broken lines road marking),Tangent road with flat terrain,Unknown,Dry,Daylight,Normal,Vehicle with vehicle collision,2,2,Going straight,Over 51,3,No priority to pedestrian,Slight Injury,12
1277,Monday,18-30,Male,Junior high school,Employee,5-10yr,NaN,Owner,Church areas,Undivided Two way,Tangent road with flat terrain,No junction,Dry,Darkness - lights lit,Normal,Vehicle with vehicle collision,1,1,Going straight,na,na,Changing lane to the right,Slight Injury,18
1278,Thursday,18-30,Unknown,Junior high school,Employee,Below 1yr,Other,Governmental,Office areas,Two-way (divided with broken lines road marking),Tangent road with flat terrain,Y Shape,Wet or damp,Darkness - lights lit,Normal,Vehicle with vehicle collision,2,1,Going straight,na,na,Changing lane to the right,Serious Injury,7
1279,Thursday,Over 51,Male,Junior high school,Employee,5-10yr,Automobile,Governmental,Residential areas,Two-way (divided with broken lines road marking),Tangent road with flat terrain,Y Shape,Wet or damp,Darkness - lights lit,Normal,Collision with roadside objects,2,1,Turnover,18-30,3,Changing lane to the right,Serious Injury,7
1280,Wednesday,31-50,Male,Junior high school,Owner,5-10yr,Pick up upto 10Q,Owner,School areas,Two-way (divided with broken lines road marking),Tangent road with flat terrain,Other,Dry,Daylight,Unknown,Collision with roadside objects,2,1,Reversing,Under 18,3,Driving to the left,Serious Injury,18
1281,Wednesday,31-50,Male,NaN,Owner,5-10yr,Automobile,Owner,Office areas,Undivided Two way,Tangent road with flat terrain,Other,Dry,Daylight,Unknown,Vehicle with vehicle collision,2,1,Moving Backward,na,na,Changing lane to the left,Serious Injury,18
1282,Friday,31-50,Male,Junior high school,Employee,5-10yr,Public (12 seats),Owner,Other,Undivided Two way,Tangent road with flat terrain,Crossing,Wet or damp,Darkness - lights lit,Normal,Vehicle with vehicle collision,2,1,Going straight,na,na,Moving Backward,Slight Injury,20
1283,Friday,31-50,Male,High school,Employee,2-5yr,Automobile,Owner,Other,Double carriageway (median),Tangent road with flat terrain,Crossing,Wet or damp,Darkness - lights lit,Normal,Vehicle with vehicle collision,2,1,Moving Backward,18-30,3,Driving at high speed,Slight Injury,20
1284,Monday,18-30,Male,Above high school,Employee,5-10yr,Other,Governmental,Other,Double carriageway (median),Tangent road with flat terrain,No junction,Dry,Darkness - lights lit,Raining and Windy,Vehicle with vehicle collision,2,1,Going straight,Over 51,3,Moving Backward,Slight Injury,17
1285,Monday,31-50,Male,Junior high school,Employee,Above 10yr,Public (12 seats),Owner,Other,Two-way (divided with broken lines road marking),Tangent road with flat terrain,No junction,Dry,Darkness - lights lit,Raining and Windy,Vehicle with vehicle collision,2,1,Going straight,31-50,3,No distancing,Slight Injury,17
1286,Wednesday,Over 51,Male,Junior high school,Employee,Below 1yr,Stationwagen,Owner,Office areas,Double carriageway (median),Tangent road with mild grade and flat terrain,Y Shape,Wet or damp,Daylight,Normal,Vehicle with vehicle collision,2,1,Going straight,na,na,Other,Serious Injury,11
1287,Wednesday,31-50,Male,Elementary school,Employee,5-10yr,Lorry (41?100Q),Owner,Office areas,Two-way (divided with broken lines road marking),Tangent road with flat terrain,Y Shape,Wet or damp,Daylight,Normal,Vehicle with vehicle collision,2,1,Going straight,na,na,No priority to vehicle,Serious Injury,11
1288,Thursday,31-50,Male,Elementary school,Employee,2-5yr,Lorry (41?100Q),Owner,Office areas,NaN,Tangent road with mild grade and flat terrain,Y Shape,Wet or damp,Darkness - lights lit,Raining,Collision with roadside objects,2,1,Going straight,18-30,3,Changing lane to the right,Slight Injury,18
1289,Thursday,31-50,Male,Junior high school,Employee,2-5yr,Lorry (41?100Q),Owner,Office areas,NaN,Tangent road with mild grade and flat terrain,Y Shape,Wet or damp,Darkness - lights lit,Raining,Collision with roadside objects,2,1,Unknown,na,na,Other,Slight Injury,18
1290,Sunday,Over 51,Male,Junior high school,Employee,1-2yr,Automobile,Owner,Office areas,One way,Tangent road with flat terrain,Y Shape,Dry,Daylight,Normal,Collision with roadside objects,2,1,Going straight,na,na,No distancing,Slight Injury,10
1291,Sunday,31-50,Male,Junior high school,Employee,2-5yr,Lorry (41?100Q),NaN,Office areas,Two-way (divided with broken lines road marking),Tangent road with flat terrain,Y Shape,Dry,Daylight,Normal,Vehicle with vehicle collision,2,1,Unknown,18-30,3,Driving carelessly,Slight Injury,10
1292,Saturday,18-30,Male,Junior high school,Employee,2-5yr,NaN,Owner,Office areas,NaN,Tangent road with flat terrain,Y Shape,Dry,Daylight,Normal,Vehicle with vehicle collision,2,1,Going straight,na,na,No distancing,Slight Injury,10
1293,Saturday,31-50,Male,Junior high school,Employee,Above 10yr,Public (12 seats),Owner,Other,Undivided Two way,Tangent road with flat terrain,Y Shape,Dry,Daylight,Normal,Vehicle with vehicle collision,2,1,Moving Backward,18-30,3,Moving Backward,Slight Injury,10
1294,Friday,18-30,Male,High school,Employee,Below 1yr,Automobile,Owner,Other,Two-way (divided with broken lines road marking),Tangent road with flat terrain,Y Shape,Dry,Darkness - lights lit,Normal,Vehicle with vehicle collision,2,1,Going straight,31-50,3,No distancing,Slight Injury,17
1295,Friday,31-50,Male,Junior high school,Employee,2-5yr,Stationwagen,NaN,Residential areas,Two-way (divided with broken lines road marking),Tangent road with flat terrain,Y Shape,Dry,Darkness - lights lit,Normal,Collision with pedestrians,2,1,Going straight,31-50,3,Moving Backward,Slight Injury,17
1296,Friday,Over 51,Male,High school,Employee,Above 10yr,Automobile,Owner,Other,Two-way (divided with broken lines road marking),Tangent road with flat terrain,Y Shape,Dry,Darkness - lights lit,Normal,Collision with pedestrians,1,1,Moving Backward,Over 51,3,No priority to pedestrian,Serious Injury,19
1297,Thursday,18-30,Male,Junior high school,Employee,Above 10yr,Lorry (41?100Q),Owner,Other,Two-way (divided with broken lines road marking),Tangent road with flat terrain,No junction,Dry,Daylight,Normal,Vehicle with vehicle collision,3,1,Going straight,na,na,Changing lane to the left,Slight Injury,15
1298,Thursday,31-50,Unknown,High school,Employee,5-10yr,Other,Governmental,Other,Two-way (divided with broken lines road marking),Tangent road with flat terrain,No junction,Dry,Daylight,Normal,Vehicle with vehicle collision,3,1,Turnover,18-30,3,No distancing,Slight Injury,15
1299,Thursday,Unknown,Female,Junior high school,Employee,Above 10yr,Pick up upto 10Q,Owner,Other,Undivided Two way,Tangent road with flat terrain,No junction,Dry,Daylight,Normal,Vehicle with vehicle collision,3,1,Going straight,na,na,Other,Slight Injury,15
1300,Wednesday,31-50,Male,Junior high school,Employee,1-2yr,NaN,Owner,Industrial areas,Undivided Two way,Tangent road with flat terrain,No junction,Dry,Darkness - lights lit,Normal,Vehicle with vehicle collision,2,1,Going straight,18-30,2,No distancing,Slight Injury,17
1301,Wednesday,31-50,Male,Junior high school,Employee,2-5yr,Lorry (41?100Q),Owner,Industrial areas,Undivided Two way,Tangent road with flat terrain,No junction,Dry,Darkness - lights lit,Normal,Vehicle with vehicle collision,2,1,Unknown,18-30,3,No priority to pedestrian,Slight Injury,17
1302,Sunday,18-30,Male,Elementary school,Employee,2-5yr,Automobile,Owner,Church areas,Double carriageway (median),Tangent road with flat terrain,O Shape,Wet or damp,Daylight,Normal,Vehicle with vehicle collision,2,1,Going straight,Under 18,2,Moving Backward,Slight Injury,11
1303,Sunday,31-50,Male,Elementary school,Other,5-10yr,Public (13?45 seats),Owner,Other,Undivided Two way,Tangent road with flat terrain,O Shape,Wet or damp,Daylight,Normal,Vehicle with vehicle collision,2,1,Going straight,na,na,No priority to pedestrian,Slight Injury,11
1304,Sunday,18-30,Male,Junior high school,Employee,5-10yr,Automobile,Owner,Other,Undivided Two way,Tangent road with flat terrain,No junction,Dry,Daylight,Normal,Vehicle with vehicle collision,2,1,Going straight,18-30,3,No distancing,Slight Injury,14
1305,Sunday,31-50,Male,High school,Owner,5-10yr,Lorry (41?100Q),Owner,Office areas,Undivided Two way,Tangent road with flat terrain,No junction,Dry,Daylight,Normal,Vehicle with vehicle collision,2,1,Going straight,31-50,3,No priority to pedestrian,Slight Injury,14
1306,Saturday,Over 51,Male,Junior high school,Employee,Above 10yr,Public (12 seats),Owner,Office areas,Undivided Two way,Tangent road with flat terrain,Unknown,Wet or damp,Daylight,Normal,Vehicle with vehicle collision,1,2,Reversing,na,na,Driving carelessly,Slight Injury,15
1307,Saturday,Over 51,Male,Junior high school,Employee,Below 1yr,Motorcycle,Governmental,Residential areas,Two-way (divided with broken lines road marking),Tangent road with flat terrain,Unknown,Wet or damp,Daylight,Normal,Collision with roadside objects,1,2,Going straight,Under 18,3,Getting off the vehicle improperly,Slight Injury,15
1308,Friday,18-30,Male,Junior high school,Other,Below 1yr,Public (12 seats),Owner,Industrial areas,Undivided Two way,Tangent road with flat terrain,No junction,Dry,Darkness - lights lit,Normal,Rollover,4,3,Moving Backward,Over 51,3,Driving carelessly,Slight Injury,16
1309,Friday,31-50,Male,Junior high school,Employee,Above 10yr,Lorry (41?100Q),Owner,Office areas,Undivided Two way,Tangent road with flat terrain,No junction,Dry,Darkness - lights lit,Normal,Vehicle with vehicle collision,4,3,Going straight,Over 51,3,Changing lane to the left,Slight Injury,16
1310,Friday,Over 51,Male,High school,Owner,5-10yr,Automobile,Owner,Other,Undivided Two way,Tangent road with flat terrain,No junction,Dry,Darkness - lights lit,Normal,Vehicle with vehicle collision,4,3,Going straight,Under 18,3,No priority to vehicle,Slight Injury,16
1311,Friday,31-50,Male,Elementary school,Owner,5-10yr,Lorry (41?100Q),Owner,Other,Two-way (divided with broken lines road marking),Tangent road with flat terrain,No junction,Dry,Darkness - lights lit,Normal,Vehicle with vehicle collision,4,3,Going straight,Over 51,3,Changing lane to the right,Slight Injury,16
1312,Sunday,31-50,Male,Junior high school,Employee,2-5yr,Stationwagen,Owner,Residential areas,Undivided Two way,Tangent road with flat terrain,Y Shape,Wet or damp,Daylight,Normal,Vehicle with vehicle collision,2,1,Going straight,31-50,3,Changing lane to the right,Slight Injury,11
1313,Sunday,Over 51,Male,Junior high school,Employee,2-5yr,Pick up upto 10Q,Owner,Office areas,Two-way (divided with broken lines road marking),Tangent road with flat terrain,Y Shape,Wet or damp,Daylight,Normal,Vehicle with vehicle collision,2,1,Going straight,na,na,No distancing,Slight Injury,11
1314,Thursday,31-50,Male,Above high school,Employee,5-10yr,Automobile,Organization,Residential areas,other,Tangent road with flat terrain,Y Shape,Wet or damp,Darkness - lights lit,Normal,Collision with roadside objects,1,1,Turnover,18-30,3,No distancing,Slight Injury,17
1315,Thursday,Over 51,Male,Junior high school,Owner,2-5yr,Automobile,Owner,Office areas,Two-way (divided with broken lines road marking),Tangent road with flat terrain,No junction,Dry,Daylight,Normal,Collision with roadside objects,2,2,Going straight,Over 51,1,Changing lane to the left,Serious Injury,8
1316,Thursday,Over 51,Male,NaN,NaN,NaN,NaN,NaN,Church areas,Two-way (divided with broken lines road marking),Tangent road with flat terrain,No junction,Dry,Daylight,Normal,Vehicle with vehicle collision,2,2,Going straight,na,na,Changing lane to the right,Serious Injury,8
1317,Thursday,18-30,Male,Junior high school,Employee,2-5yr,Other,Organization,Residential areas,Two-way (divided with broken lines road marking),Tangent road with flat terrain,No junction,Dry,Daylight,Normal,Collision with roadside objects,2,2,Moving Backward,18-30,3,No priority to vehicle,Serious Injury,8
1318,Tuesday,Unknown,Female,Junior high school,Employee,5-10yr,Automobile,Owner,School areas,other,Tangent road with flat terrain,Crossing,Wet or damp,Darkness - lights lit,Normal,Vehicle with vehicle collision,2,1,Going straight,na,na,Changing lane to the left,Slight Injury,17
1319,Tuesday,31-50,Male,Junior high school,Employee,2-5yr,Public (13?45 seats),Owner,Hospital areas,other,Steep grade downward with mountainous terrain,Crossing,Wet or damp,Darkness - lights lit,Normal,Vehicle with vehicle collision,2,1,Going straight,31-50,3,No priority to vehicle,Slight Injury,17
1320,Wednesday,31-50,Male,Elementary school,Employee,1-2yr,Public (13?45 seats),Owner,Other,Undivided Two way,Tangent road with flat terrain,Y Shape,Wet or damp,Darkness - no lighting,Normal,Vehicle with vehicle collision,3,1,Going straight,31-50,3,Moving Backward,Slight Injury,17
1321,Wednesday,31-50,Male,High school,Employee,NaN,Automobile,Owner,School areas,Double carriageway (median),Tangent road with flat terrain,Y Shape,Wet or damp,Darkness - no lighting,Normal,Vehicle with vehicle collision,3,1,Other,na,na,Turnover,Slight Injury,17
1322,Wednesday,18-30,Male,Junior high school,Owner,1-2yr,Public (12 seats),Owner,Other,other,Tangent road with flat terrain,Y Shape,Wet or damp,Darkness - no lighting,Normal,Vehicle with vehicle collision,3,1,Going straight,na,na,No distancing,Slight Injury,17
1323,Tuesday,Over 51,Male,Junior high school,Employee,2-5yr,Public (12 seats),Owner,Industrial areas,Undivided Two way,Tangent road with flat terrain,Y Shape,Dry,Darkness - lights lit,Normal,Vehicle with vehicle collision,2,1,Going straight,na,na,No distancing,Slight Injury,5
1324,Tuesday,18-30,Male,Junior high school,Employee,1-2yr,Lorry (41?100Q),Owner,Church areas,Two-way (divided with broken lines road marking),Tangent road with flat terrain,Y Shape,Dry,Darkness - lights lit,Normal,Collision with pedestrians,2,1,Turnover,18-30,3,No distancing,Slight Injury,5
1520,Monday,Over 51,Male,NaN,NaN,NaN,NaN,NaN,NaN,other,Tangent road with flat terrain,Y Shape,Dry,Darkness - lights lit,Normal,Vehicle with vehicle collision,2,1,Parked,18-30,2,Changing lane to the right,Slight Injury,21
1325,Monday,18-30,Male,Elementary school,Employee,Above 10yr,Automobile,Owner,Office areas,Two-way (divided with broken lines road marking),Tangent road with flat terrain,Unknown,Wet or damp,Darkness - lights lit,Normal,Vehicle with vehicle collision,2,1,Moving Backward,na,na,Changing lane to the left,Slight Injury,20
1326,Monday,18-30,Male,Junior high school,Employee,2-5yr,Pick up upto 10Q,Owner,Other,Two-way (divided with broken lines road marking),Tangent road with flat terrain,Unknown,Wet or damp,Darkness - lights lit,Normal,Collision with roadside objects,2,1,Going straight,18-30,3,No priority to vehicle,Slight Injury,20
1327,Tuesday,18-30,Male,Junior high school,Employee,2-5yr,Pick up upto 10Q,Owner,Office areas,Double carriageway (median),Tangent road with flat terrain,No junction,Wet or damp,Darkness - lights lit,Normal,Vehicle with vehicle collision,1,1,Going straight,Over 51,2,Driving at high speed,Serious Injury,20
1328,Tuesday,31-50,Male,Junior high school,Employee,2-5yr,Lorry (41?100Q),Owner,Office areas,Double carriageway (median),Tangent road with flat terrain,Y Shape,Dry,Darkness - lights lit,Normal,Collision with roadside objects,1,1,Going straight,na,na,Overtaking,Slight Injury,16
1329,Monday,Over 51,Male,Junior high school,Employee,2-5yr,Automobile,Governmental,Office areas,Double carriageway (median),Tangent road with flat terrain,No junction,Dry,Daylight,Normal,Vehicle with vehicle collision,2,1,Reversing,31-50,3,Other,Slight Injury,9
1330,Monday,18-30,Male,Elementary school,Employee,2-5yr,Stationwagen,Owner,Residential areas,Double carriageway (median),Tangent road with flat terrain,No junction,Dry,Daylight,Normal,Vehicle with vehicle collision,2,1,Going straight,Under 18,2,Changing lane to the left,Slight Injury,9
1331,Friday,Over 51,Male,Junior high school,Employee,2-5yr,Motorcycle,Owner,Office areas,Double carriageway (median),Tangent road with flat terrain,Unknown,Wet or damp,Darkness - lights lit,Normal,Collision with pedestrians,2,1,Going straight,31-50,3,No priority to pedestrian,Slight Injury,20
1332,Friday,18-30,Male,Elementary school,Employee,5-10yr,NaN,Owner,Other,Undivided Two way,Tangent road with flat terrain,Unknown,Wet or damp,Darkness - lights lit,Normal,Vehicle with vehicle collision,2,1,Going straight,31-50,3,Changing lane to the left,Slight Injury,20
1333,Tuesday,18-30,Male,Elementary school,Employee,2-5yr,Other,Owner,Industrial areas,One way,NaN,No junction,Wet or damp,Daylight,Raining,Vehicle with vehicle collision,2,1,Parked,18-30,3,No distancing,Serious Injury,15
1334,Tuesday,Over 51,Male,Junior high school,Employee,Above 10yr,Automobile,Owner,Other,One way,Tangent road with flat terrain,No junction,Wet or damp,Daylight,Raining,Vehicle with vehicle collision,2,1,Going straight,Under 18,2,Moving Backward,Serious Injury,15
1335,Wednesday,18-30,Male,Junior high school,Employee,Above 10yr,Automobile,Owner,Office areas,Double carriageway (median),Tangent road with flat terrain,No junction,Wet or damp,Darkness - lights lit,Normal,Vehicle with vehicle collision,3,2,Going straight,Over 51,3,Changing lane to the left,Slight Injury,16
1336,Wednesday,18-30,Male,High school,Employee,Above 10yr,NaN,Governmental,Office areas,Two-way (divided with broken lines road marking),Tangent road with flat terrain,No junction,Wet or damp,Darkness - lights lit,Normal,Collision with pedestrians,3,2,Unknown,Over 51,2,Other,Slight Injury,16
1337,Wednesday,18-30,Male,Junior high school,Employee,5-10yr,Public (> 45 seats),Governmental,NaN,Double carriageway (median),Tangent road with flat terrain,No junction,Wet or damp,Darkness - lights lit,Normal,Vehicle with vehicle collision,3,2,Going straight,31-50,3,No distancing,Slight Injury,16
1338,Wednesday,18-30,Male,Junior high school,Owner,2-5yr,Automobile,Owner,Other,NaN,Tangent road with flat terrain,No junction,Wet or damp,Darkness - lights lit,Normal,Vehicle with vehicle collision,3,2,Going straight,na,na,Moving Backward,Slight Injury,16