id,day_of_week,age_band_of_driver,sex_of_driver,educational_level,vehicle_driver_relation,driving_experience,type_of_vehicle,owner_of_vehicle,area_accident_occured,lanes_or_medians,road_alignment,types_of_junction,road_surface_conditions,light_conditions,weather_conditions,type_of_collision,number_of_vehicles_involved,number_of_casualties,vehicle_movement,age_band_of_casualty,casualty_severity,cause_of_accident,accident_severity,hour
1954,Thursday,Over 51,Unknown,Junior high school,Employee,Above 10yr,Long lorry,Owner,Other,Two-way (divided with broken lines road marking),Tangent road with flat terrain,Crossing,Dry,Daylight,Normal,Vehicle with vehicle collision,2,4,NaN,na,na,Changing lane to the left,Slight Injury,16
1955,Thursday,Over 51,Male,Elementary school,Employee,5-10yr,Long lorry,NaN,Other,Two-way (divided with broken lines road marking),Tangent road with flat terrain,Crossing,Dry,Daylight,Normal,Vehicle with vehicle collision,2,4,Going straight,31-50,3,Driving to the left,Slight Injury,16
1956,Thursday,Over 51,Male,Junior high school,Employee,5-10yr,Public (13?45 seats),Owner,Other,Undivided Two way,Tangent road with flat terrain,Crossing,Dry,Daylight,Normal,Collision with roadside objects,2,4,Going straight,Under 18,3,Changing lane to the left,Slight Injury,16
1957,Thursday,18-30,Male,Junior high school,Employee,Above 10yr,Automobile,Owner,Other,Double carriageway (median),Tangent road with flat terrain,Crossing,Dry,Daylight,Normal,Rollover,2,4,Reversing,na,na,Driving under the influence of drugs,Slight Injury,16
1958,Sunday,Over 51,Male,Elementary school,Owner,NaN,Automobile,Owner,Residential areas,Two-way (divided with broken lines road marking),Tangent road with flat terrain,Y Shape,Dry,Daylight,Normal,Vehicle with vehicle collision,1,1,Reversing,na,na,No priority to pedestrian,Slight Injury,14
1959,Thursday,18-30,Unknown,Junior high school,Owner,5-10yr,Pick up upto 10Q,Owner,Recreational areas,Undivided Two way,Tangent road with flat terrain,No junction,Dry,Daylight,Normal,Collision with pedestrians,3,1,Reversing,18-30,3,Changing lane to the left,Slight Injury,18
1961,Thursday,31-50,Male,Junior high school,Employee,Below 1yr,Stationwagen,Owner,Office areas,Undivided Two way,Tangent road with flat terrain,No junction,Dry,Daylight,Normal,Vehicle with vehicle collision,3,1,Going straight,na,na,No distancing,Slight Injury,18
1962,Thursday,18-30,Male,NaN,NaN,NaN,NaN,NaN,Other,Undivided Two way,Tangent road with flat terrain,Y Shape,Dry,Daylight,Normal,Collision with pedestrians,2,1,Going straight,31-50,3,Changing lane to the right,Slight Injury,17
1963,Thursday,Over 51,Male,Junior high school,Employee,5-10yr,Automobile,Owner,Office areas,Undivided Two way,Tangent road with flat terrain,Y Shape,Dry,Daylight,Normal,Collision with pedestrians,2,1,Going straight,18-30,3,No priority to vehicle,Slight Injury,17
1964,Thursday,31-50,Male,Junior high school,Employee,5-10yr,Automobile,Owner,Office areas,One way,Tangent road with flat terrain,No junction,Dry,Daylight,Normal,Vehicle with vehicle collision,2,1,Moving Backward,31-50,3,Moving Backward,Slight Injury,18
1965,Thursday,Unknown,Male,Junior high school,Employee,Above 10yr,Long lorry,Owner,Office areas,Undivided Two way,Tangent road with flat terrain,No junction,Dry,Daylight,Normal,Vehicle with vehicle collision,2,1,Going straight,Over 51,3,Overtaking,Slight Injury,18
1966,Tuesday,18-30,Male,High school,Employee,Above 10yr,Public (13?45 seats),Owner,Other,Undivided Two way,Tangent road with flat terrain,Y Shape,Dry,Darkness - lights lit,Normal,Vehicle with vehicle collision,2,1,Moving Backward,Over 51,3,Changing lane to the left,Slight Injury,1
1967,Tuesday,31-50,Male,Junior high school,Employee,Above 10yr,Public (13?45 seats),Governmental,Other,Double carriageway (median),Tangent road with flat terrain,Y Shape,Dry,Darkness - lights lit,Normal,Vehicle with vehicle collision,2,1,Moving Backward,31-50,3,Changing lane to the right,Slight Injury,1
1968,Friday,31-50,Male,Junior high school,Employee,Above 10yr,Lorry (11?40Q),Owner,Office areas,Two-way (divided with solid lines road marking),Tangent road with flat terrain,Y Shape,Dry,Daylight,Normal,Vehicle with vehicle collision,2,1,Going straight,Under 18,3,Overtaking,Slight Injury,9
1969,Friday,31-50,Male,Junior high school,Employee,Above 10yr,Lorry (11?40Q),Owner,Residential areas,other,Tangent road with flat terrain,Y Shape,Dry,Daylight,Normal,Collision with roadside objects,2,1,Other,18-30,3,Overloading,Slight Injury,9
1970,Tuesday,Under 18,Male,Junior high school,Employee,Above 10yr,Pick up upto 10Q,Governmental,Recreational areas,Undivided Two way,Tangent road with flat terrain,O Shape,Dry,Daylight,Normal,Vehicle with vehicle collision,2,2,Going straight,31-50,3,Other,Slight Injury,13
1971,Tuesday,Under 18,Male,Junior high school,Employee,5-10yr,Automobile,Owner,Other,other,Tangent road with flat terrain,O Shape,Dry,Daylight,Normal,Vehicle with vehicle collision,2,2,Other,Over 51,3,No priority to vehicle,Slight Injury,13
1972,Tuesday,Under 18,Male,Junior high school,Employee,2-5yr,Automobile,Owner,Residential areas,other,Tangent road with flat terrain,O Shape,Dry,Daylight,Normal,Vehicle with vehicle collision,2,2,Going straight,18-30,3,Changing lane to the right,Slight Injury,13
1973,Wednesday,Over 51,Male,Junior high school,Employee,Below 1yr,Automobile,Owner,Other,other,Tangent road with flat terrain,Y Shape,Dry,Daylight,Normal,Vehicle with vehicle collision,2,1,Reversing,na,na,Moving Backward,Serious Injury,16
1974,Wednesday,31-50,Male,Junior high school,Employee,Below 1yr,Long lorry,Owner,Other,other,Tangent road with flat terrain,Y Shape,Dry,Daylight,Normal,Vehicle with vehicle collision,2,1,NaN,na,na,Changing lane to the left,Serious Injury,16
1975,Wednesday,18-30,Male,Junior high school,Employee,2-5yr,Long lorry,Owner,Other,One way,Tangent road with flat terrain,Crossing,Dry,Darkness - lights lit,Normal,Vehicle with vehicle collision,2,1,Going straight,na,na,No priority to pedestrian,Slight Injury,0
1976,Wednesday,31-50,Male,Elementary school,Employee,Below 1yr,Automobile,Owner,Other,Two-way (divided with broken lines road marking),Tangent road with flat terrain,Crossing,Dry,Darkness - lights lit,Normal,Vehicle with vehicle collision,2,1,Going straight,Under 18,3,No distancing,Slight Injury,0
1977,Wednesday,Over 51,Unknown,Junior high school,Employee,Below 1yr,Stationwagen,Owner,Other,other,Tangent road with flat terrain,No junction,Dry,Daylight,Normal,Vehicle with vehicle collision,1,1,Going straight,na,na,No priority to vehicle,Slight Injury,11
1978,Thursday,Over 51,Male,Junior high school,Employee,NaN,NaN,Owner,School areas,Undivided Two way,Tangent road with flat terrain,Crossing,Dry,Daylight,Normal,Vehicle with vehicle collision,2,1,Going straight,18-30,3,No distancing,Slight Injury,20
1979,Thursday,18-30,Male,NaN,Employee,5-10yr,Other,Owner,Office areas,Two-way (divided with broken lines road marking),Tangent road with flat terrain,Crossing,Dry,Daylight,Normal,Vehicle with vehicle collision,2,1,Going straight,Under 18,3,No distancing,Slight Injury,20
1980,Thursday,Over 51,Unknown,Writing & reading,Employee,Below 1yr,Special vehicle,Owner,Office areas,Two-way (divided with broken lines road marking),Tangent road with flat terrain,Y Shape,Dry,Darkness - lights lit,Normal,Vehicle with vehicle collision,1,1,Going straight,na,na,Moving Backward,Serious Injury,21
1981,Tuesday,Under 18,Male,Junior high school,Employee,Below 1yr,Lorry (41?100Q),Owner,Office areas,Two-way (divided with broken lines road marking),Tangent road with flat terrain,No junction,Dry,Daylight,Normal,Vehicle with vehicle collision,2,1,Other,31-50,3,Changing lane to the right,Slight Injury,17
1982,Tuesday,Unknown,Female,Junior high school,Employee,1-2yr,Pick up upto 10Q,Owner,School areas,NaN,Tangent road with flat terrain,No junction,Dry,Daylight,Normal,Vehicle with vehicle collision,2,1,Going straight,Over 51,3,No priority to pedestrian,Slight Injury,17
1983,Saturday,31-50,Male,Elementary school,Employee,Above 10yr,Lorry (11?40Q),Governmental,School areas,Undivided Two way,Tangent road with flat terrain,Y Shape,Dry,Darkness - lights lit,Normal,Vehicle with vehicle collision,2,1,Going straight,31-50,3,Moving Backward,Slight Injury,20
1984,Saturday,Over 51,Male,Elementary school,Employee,Above 10yr,Lorry (41?100Q),Owner,Office areas,Two-way (divided with broken lines road marking),Tangent road with flat terrain,Y Shape,Dry,Darkness - lights lit,Normal,Vehicle with vehicle collision,2,1,Going straight,31-50,3,Getting off the vehicle improperly,Slight Injury,20
1985,Monday,18-30,Male,Elementary school,Employee,Below 1yr,Motorcycle,Owner,Office areas,Two-way (divided with broken lines road marking),Tangent road with flat terrain,Crossing,Dry,Daylight,Normal,Collision with roadside objects,1,1,Going straight,31-50,3,Overtaking,Slight Injury,7
1986,Monday,18-30,Male,High school,Employee,2-5yr,Automobile,Governmental,School areas,Two-way (divided with broken lines road marking),Tangent road with flat terrain,Y Shape,Dry,Daylight,Normal,Vehicle with vehicle collision,2,1,Reversing,18-30,3,Overloading,Slight Injury,14
1987,Monday,31-50,Male,Junior high school,Employee,2-5yr,Automobile,Owner,NaN,Two-way (divided with broken lines road marking),Tangent road with flat terrain,Y Shape,Dry,Daylight,Normal,Vehicle with vehicle collision,2,1,Going straight,na,na,Changing lane to the right,Slight Injury,14
1988,Wednesday,31-50,Male,Above high school,Employee,Above 10yr,Automobile,Owner,Other,Two-way (divided with broken lines road marking),Tangent road with flat terrain,Crossing,Dry,Daylight,Normal,Vehicle with vehicle collision,2,1,Going straight,18-30,3,Improper parking,Slight Injury,8
1989,Wednesday,Unknown,Male,Junior high school,Employee,2-5yr,Stationwagen,Owner,Other,Undivided Two way,Tangent road with flat terrain,Crossing,Dry,Daylight,Normal,Vehicle with vehicle collision,2,1,Other,18-30,3,Other,Slight Injury,8
1990,Monday,31-50,Male,Junior high school,Employee,2-5yr,NaN,Owner,Other,Two-way (divided with broken lines road marking),Tangent road with flat terrain,Y Shape,Dry,Daylight,Normal,Collision with pedestrians,2,1,Going straight,Under 18,3,Changing lane to the left,Slight Injury,13
1991,Monday,Unknown,Male,High school,Employee,1-2yr,Public (> 45 seats),Owner,Residential areas,Undivided Two way,Tangent road with flat terrain,Y Shape,Dry,Daylight,Normal,Vehicle with vehicle collision,2,1,Going straight,na,na,Changing lane to the right,Slight Injury,13
1992,Tuesday,31-50,Male,Junior high school,Employee,5-10yr,Public (> 45 seats),Governmental,Other,Undivided Two way,Tangent road with flat terrain,Y Shape,Dry,Daylight,Normal,Vehicle with vehicle collision,2,1,Going straight,18-30,3,No priority to pedestrian,Slight Injury,18
1993,Tuesday,31-50,Male,Junior high school,Employee,Below 1yr,Stationwagen,Owner,Other,Undivided Two way,Tangent road with flat terrain,Y Shape,Dry,Daylight,Normal,Vehicle with vehicle collision,2,1,Turnover,18-30,3,Overspeed,Slight Injury,18
1994,Tuesday,18-30,Male,Junior high school,Employee,Below 1yr,Automobile,Owner,Industrial areas,Undivided Two way,Tangent road with flat terrain,No junction,Dry,Daylight,Normal,Vehicle with vehicle collision,2,1,Going straight,Under 18,3,Changing lane to the left,Slight Injury,16
1995,Tuesday,Unknown,Male,Elementary school,Employee,NaN,Bicycle,Owner,Recreational areas,Undivided Two way,Tangent road with flat terrain,No junction,Dry,Daylight,Normal,Vehicle with vehicle collision,2,1,Going straight,na,na,No priority to vehicle,Slight Injury,16
1996,Friday,18-30,Unknown,Junior high school,Employee,Below 1yr,Automobile,Owner,Church areas,Two-way (divided with broken lines road marking),Tangent road with flat terrain,Y Shape,Dry,Daylight,Normal,Vehicle with vehicle collision,2,1,Reversing,31-50,3,Changing lane to the right,Slight Injury,18
1997,Friday,Unknown,Male,Junior high school,Employee,1-2yr,Lorry (41?100Q),Owner,Office areas,Two-way (divided with broken lines road marking),Tangent road with flat terrain,Y Shape,Dry,Daylight,Normal,Vehicle with vehicle collision,2,1,Other,na,na,No distancing,Slight Injury,18
1998,Thursday,Unknown,Male,Elementary school,Employee,2-5yr,Automobile,Owner,Other,Two-way (divided with broken lines road marking),Tangent road with flat terrain,Y Shape,Dry,Daylight,Normal,Vehicle with vehicle collision,1,1,Going straight,31-50,3,No priority to pedestrian,Slight Injury,19
1999,Wednesday,Unknown,Male,High school,Employee,1-2yr,Public (13?45 seats),Owner,Office areas,Undivided Two way,Tangent road with flat terrain,No junction,Dry,Daylight,Normal,Collision with pedestrians,1,1,Going straight,na,na,No distancing,Slight Injury,17
2000,Wednesday,18-30,Male,Junior high school,Employee,5-10yr,Special vehicle,Owner,Office areas,Two-way (divided with broken lines road marking),Tangent road with flat terrain,Y Shape,Dry,Daylight,Normal,Vehicle with vehicle collision,2,1,Moving Backward,18-30,2,No priority to vehicle,Slight Injury,17
2001,Wednesday,Unknown,Unknown,Junior high school,Employee,Below 1yr,Automobile,Owner,Other,Two-way (divided with broken lines road marking),Tangent road with flat terrain,Y Shape,Dry,Daylight,Normal,Vehicle with vehicle collision,2,1,Reversing,31-50,3,Other,Slight Injury,17
2002,Friday,18-30,Male,High school,Employee,Above 10yr,Public (13?45 seats),Owner,Residential areas,Undivided Two way,Tangent road with flat terrain,Y Shape,Dry,Daylight,Normal,Vehicle with vehicle collision,2,1,Going straight,31-50,3,Driving carelessly,Slight Injury,18
2003,Friday,Unknown,Female,Elementary school,Owner,5-10yr,NaN,Owner,Office areas,other,Tangent road with mountainous terrain and,Y Shape,Dry,Daylight,Normal,Vehicle with vehicle collision,2,1,Going straight,na,na,Changing lane to the left,Slight Injury,18
2004,Friday,31-50,Male,Elementary school,Employee,Below 1yr,Lorry (41?100Q),Owner,Residential areas,other,Tangent road with flat terrain,O Shape,Dry,Daylight,Normal,Collision with roadside objects,2,1,Moving Backward,18-30,3,Driving carelessly,Slight Injury,9
2005,Friday,Over 51,Unknown,Junior high school,Employee,5-10yr,Lorry (41?100Q),NaN,School areas,Two-way (divided with broken lines road marking),Tangent road with flat terrain,O Shape,Dry,Daylight,Normal,Vehicle with vehicle collision,2,1,Going straight,Under 18,3,Changing lane to the left,Slight Injury,9
2006,Saturday,31-50,Male,Elementary school,Owner,5-10yr,Public (12 seats),Owner,Office areas,Two-way (divided with broken lines road marking),Sharp reverse curve,No junction,Dry,Daylight,Normal,Vehicle with vehicle collision,2,1,Going straight,31-50,3,No priority to vehicle,Slight Injury,17
2007,Saturday,Under 18,Male,Junior high school,Employee,2-5yr,Lorry (41?100Q),Owner,Other,other,Tangent road with flat terrain,No junction,Dry,Daylight,Normal,Vehicle with vehicle collision,2,1,Going straight,Under 18,3,No distancing,Slight Injury,17
2008,Sunday,31-50,Unknown,Junior high school,Employee,Above 10yr,Lorry (41?100Q),Owner,Other,Undivided Two way,Tangent road with flat terrain,Y Shape,Dry,Daylight,Normal,Vehicle with vehicle collision,1,2,Going straight,Under 18,3,Changing lane to the right,Slight Injury,16
2009,Sunday,31-50,Male,Junior high school,Employee,5-10yr,Public (12 seats),Owner,Church areas,other,Tangent road with flat terrain,Y Shape,Dry,Daylight,Normal,Vehicle with vehicle collision,1,2,Going straight,na,na,Changing lane to the right,Slight Injury,16
2010,Thursday,31-50,Male,High school,Employee,1-2yr,Public (> 45 seats),Owner,Office areas,Two-way (divided with broken lines road marking),Tangent road with flat terrain,Y Shape,Dry,Daylight,Normal,Vehicle with vehicle collision,1,3,Going straight,na,na,Driving at high speed,Slight Injury,16
2011,Thursday,31-50,Male,Elementary school,Employee,5-10yr,Automobile,Owner,Other,Two-way (divided with broken lines road marking),Tangent road with flat terrain,Y Shape,Dry,Daylight,Normal,Vehicle with vehicle collision,1,3,NaN,na,na,No distancing,Slight Injury,16
2012,Thursday,31-50,Male,Elementary school,Employee,2-5yr,Pick up upto 10Q,Owner,Office areas,Two-way (divided with broken lines road marking),Tangent road with mild grade and flat terrain,Y Shape,Dry,Daylight,Normal,Collision with roadside objects,1,3,Going straight,18-30,3,Changing lane to the right,Slight Injury,16
2013,Thursday,18-30,Male,Junior high school,Employee,Below 1yr,Stationwagen,Owner,Office areas,Two-way (divided with broken lines road marking),Tangent road with flat terrain,Crossing,Dry,Daylight,Normal,Vehicle with vehicle collision,1,2,Reversing,18-30,3,Changing lane to the left,Slight Injury,15
2014,Thursday,18-30,Male,Junior high school,Employee,Below 1yr,Other,Owner,Office areas,Two-way (divided with broken lines road marking),Sharp reverse curve,Crossing,Dry,Daylight,Normal,Vehicle with vehicle collision,1,2,Going straight,Under 18,3,Getting off the vehicle improperly,Slight Injury,15
2015,Thursday,31-50,Male,Junior high school,Employee,5-10yr,NaN,Owner,Church areas,Undivided Two way,Sharp reverse curve,No junction,Dry,Daylight,Normal,Vehicle with vehicle collision,2,1,Going straight,31-50,3,Other,Slight Injury,18
2016,Thursday,18-30,Male,Junior high school,Owner,5-10yr,Automobile,Owner,Office areas,Undivided Two way,Gentle horizontal curve,No junction,Dry,Daylight,Normal,Vehicle with vehicle collision,2,1,Going straight,na,na,Other,Slight Injury,18
2017,Thursday,31-50,Male,Elementary school,Employee,1-2yr,Stationwagen,Owner,Other,Double carriageway (median),Gentle horizontal curve,Crossing,Dry,Darkness - lights lit,Normal,Rollover,2,1,Going straight,na,na,No distancing,Slight Injury,23
2018,Thursday,31-50,Male,Junior high school,Employee,NaN,Pick up upto 10Q,Owner,Other,Two-way (divided with broken lines road marking),Tangent road with flat terrain,Crossing,Dry,Darkness - lights lit,Normal,Vehicle with vehicle collision,2,1,Going straight,31-50,3,No priority to vehicle,Slight Injury,23
2019,Friday,31-50,Male,Elementary school,Employee,Above 10yr,Lorry (41?100Q),Owner,Church areas,Unknown,Tangent road with mountainous terrain and,No junction,Dry,Daylight,Normal,Vehicle with vehicle collision,2,1,Going straight,Under 18,3,Overtaking,Slight Injury,18
2020,Friday,Unknown,Male,Junior high school,Owner,1-2yr,Automobile,Owner,School areas,Undivided Two way,Tangent road with flat terrain,No junction,Dry,Daylight,Normal,Collision with roadside objects,2,1,Other,na,na,No priority to pedestrian,Slight Injury,18
2021,Monday,31-50,Male,NaN,NaN,NaN,NaN,NaN,Church areas,Two-way (divided with broken lines road marking),Tangent road with flat terrain,Crossing,Dry,Daylight,Normal,Vehicle with vehicle collision,2,1,Moving Backward,31-50,3,No distancing,Slight Injury,14
2022,Monday,Unknown,Male,Junior high school,Employee,Above 10yr,Lorry (41?100Q),Owner,Office areas,Undivided Two way,Tangent road with flat terrain,Crossing,Dry,Daylight,Normal,Vehicle with vehicle collision,2,1,Other,18-30,2,Changing lane to the right,Slight Injury,14
2023,Friday,31-50,Male,Elementary school,Owner,2-5yr,Lorry (41?100Q),Owner,Other,other,Tangent road with flat terrain,Crossing,Dry,Daylight,Normal,Vehicle with vehicle collision,2,1,Going straight,Under 18,3,Driving carelessly,Slight Injury,7
2024,Friday,Unknown,Male,Junior high school,Employee,5-10yr,Lorry (41?100Q),Owner,Church areas,Two-way (divided with broken lines road marking),Steep grade upward with mountainous terrain,Crossing,Dry,Daylight,Normal,Collision with roadside objects,2,1,Going straight,18-30,3,Changing lane to the right,Slight Injury,7
2025,Wednesday,31-50,Male,Junior high school,Employee,Below 1yr,Pick up upto 10Q,Governmental,Other,Double carriageway (median),Tangent road with flat terrain,Crossing,Dry,Daylight,Normal,Collision with roadside objects,1,1,Going straight,18-30,3,Overtaking,Serious Injury,9
2026,Wednesday,31-50,Male,Junior high school,Employee,5-10yr,Pick up upto 10Q,Governmental,Other,Double carriageway (median),Tangent road with flat terrain,No junction,Dry,Daylight,Normal,Vehicle with vehicle collision,1,1,Other,31-50,3,Other,Slight Injury,8
2027,Wednesday,31-50,Male,High school,Employee,Above 10yr,Automobile,Organization,Office areas,Two-way (divided with broken lines road marking),Gentle horizontal curve,Crossing,Wet or damp,Daylight,Raining,Vehicle with vehicle collision,2,1,Going straight,na,na,Driving to the left,Slight Injury,7
2028,Wednesday,18-30,Male,Junior high school,Employee,5-10yr,Other,Organization,Other,Two-way (divided with broken lines road marking),Tangent road with flat terrain,Crossing,Wet or damp,Daylight,Raining,Collision with roadside objects,2,1,NaN,na,na,Driving at high speed,Slight Injury,7
2029,Wednesday,31-50,Unknown,Elementary school,Employee,1-2yr,NaN,Owner,Other,Two-way (divided with broken lines road marking),Tangent road with flat terrain,Y Shape,Dry,Darkness - lights lit,Normal,Collision with roadside objects,2,1,Going straight,31-50,3,Unknown,Slight Injury,21
2030,Wednesday,Unknown,Female,Junior high school,Employee,NaN,Automobile,Governmental,Residential areas,Two-way (divided with broken lines road marking),Tangent road with flat terrain,Y Shape,Dry,Darkness - lights lit,Normal,Vehicle with vehicle collision,2,1,Going straight,na,na,Changing lane to the right,Slight Injury,21
2031,Thursday,31-50,Male,Above high school,Employee,1-2yr,Automobile,Owner,Residential areas,NaN,Tangent road with flat terrain,Crossing,Dry,Daylight,Normal,Collision with pedestrians,2,1,Going straight,18-30,3,No distancing,Slight Injury,8
2032,Thursday,31-50,Male,Junior high school,Employee,Above 10yr,Public (> 45 seats),Owner,Office areas,Undivided Two way,Tangent road with flat terrain,Crossing,Dry,Daylight,Normal,Vehicle with vehicle collision,2,1,Going straight,18-30,3,Other,Slight Injury,8
2033,Thursday,18-30,Male,Junior high school,Employee,1-2yr,Lorry (41?100Q),Owner,Recreational areas,other,NaN,Crossing,Dry,Daylight,Normal,Vehicle with vehicle collision,2,1,Moving Backward,18-30,3,No priority to vehicle,Slight Injury,14
2034,Thursday,31-50,Male,Junior high school,Employee,5-10yr,Public (> 45 seats),Governmental,Office areas,other,Tangent road with mild grade and flat terrain,Crossing,Dry,Daylight,Normal,Vehicle with vehicle collision,2,1,Moving Backward,Over 51,2,Changing lane to the left,Slight Injury,14
2035,Friday,18-30,Male,Junior high school,Employee,2-5yr,NaN,Owner,Industrial areas,other,Tangent road with flat terrain,Y Shape,Dry,Daylight,Normal,Vehicle with vehicle collision,1,1,Going straight,Over 51,3,No priority to pedestrian,Slight Injury,12
2036,Friday,31-50,Male,NaN,NaN,NaN,NaN,NaN,NaN,NaN,NaN,No junction,Dry,Daylight,Normal,Vehicle with vehicle collision,2,1,Going straight,Under 18,3,Overtaking,Slight Injury,15
2037,Friday,18-30,Male,Junior high school,Employee,2-5yr,Automobile,Owner,Residential areas,Undivided Two way,Tangent road with flat terrain,No junction,Dry,Daylight,Normal,Collision with roadside objects,2,1,Turnover,Under 18,2,Driving carelessly,Slight Injury,15
2038,Friday,Over 51,Male,Junior high school,Employee,2-5yr,Automobile,Governmental,Residential areas,other,Tangent road with flat terrain,Y Shape,Dry,Darkness - lights lit,Normal,Collision with roadside objects,1,1,Going straight,na,na,No priority to vehicle,Serious Injury,20
2039,Saturday,31-50,Male,Junior high school,Employee,Above 10yr,Lorry (41?100Q),Owner,Industrial areas,other,Tangent road with flat terrain,No junction,Dry,Daylight,Normal,Vehicle with vehicle collision,2,1,Going straight,31-50,3,No priority to pedestrian,Serious Injury,8
2040,Saturday,31-50,Male,Junior high school,Employee,1-2yr,Automobile,Owner,Residential areas,Undivided Two way,Tangent road with flat terrain,No junction,Dry,Daylight,Normal,Vehicle with vehicle collision,2,1,Going straight,na,na,Changing lane to the right,Serious Injury,8
2041,Saturday,18-30,Male,Above high school,Owner,1-2yr,Public (13?45 seats),Owner,Residential areas,other,Tangent road with flat terrain,Crossing,Dry,Daylight,Normal,Vehicle with vehicle collision,1,1,Going straight,31-50,3,Driving carelessly,Slight Injury,16
2042,Sunday,31-50,Male,Above high school,Employee,No Licence,Automobile,Owner,Office areas,Undivided Two way,Tangent road with flat terrain,Y Shape,Dry,Daylight,Normal,Vehicle with vehicle collision,2,1,Going straight,na,na,Changing lane to the right,Slight Injury,15
2043,Sunday,18-30,Male,Junior high school,Employee,1-2yr,Public (> 45 seats),Owner,Office areas,Double carriageway (median),Escarpments,Y Shape,Dry,Daylight,Normal,Vehicle with vehicle collision,2,1,Going straight,31-50,3,Changing lane to the right,Slight Injury,15
2044,Tuesday,31-50,Male,Junior high school,Employee,5-10yr,Lorry (41?100Q),Owner,Office areas,other,Tangent road with flat terrain,Crossing,Dry,Darkness - lights lit,Normal,Vehicle with vehicle collision,2,1,Going straight,Over 51,2,Changing lane to the left,Slight Injury,20
2045,Tuesday,Under 18,Male,Junior high school,Employee,Above 10yr,Automobile,Owner,Office areas,Undivided Two way,Escarpments,Crossing,Dry,Darkness - lights lit,Normal,Vehicle with vehicle collision,2,1,Going straight,na,na,Overturning,Slight Injury,20
2046,Wednesday,Unknown,Male,Junior high school,Employee,Above 10yr,Lorry (11?40Q),Owner,Office areas,One way,Tangent road with flat terrain,Y Shape,Dry,Daylight,Normal,Vehicle with vehicle collision,1,1,NaN,18-30,3,Driving carelessly,Slight Injury,13
2047,Wednesday,31-50,Male,Junior high school,Owner,5-10yr,Public (13?45 seats),Owner,Office areas,Undivided Two way,Tangent road with flat terrain,Y Shape,Dry,Daylight,Normal,Vehicle with vehicle collision,1,1,Other,Over 51,3,No distancing,Serious Injury,10
2048,Thursday,31-50,Male,Elementary school,Employee,2-5yr,Public (13?45 seats),Owner,Office areas,other,Tangent road with flat terrain,Y Shape,Dry,Daylight,Normal,Vehicle with vehicle collision,2,1,Getting off,na,na,Driving carelessly,Slight Injury,18
2049,Thursday,Unknown,Male,Junior high school,Employee,2-5yr,NaN,Owner,Residential areas,other,Tangent road with flat terrain,Y Shape,Dry,Daylight,Normal,Other,2,1,Going straight,Over 51,2,Changing lane to the left,Slight Injury,18
2050,Saturday,31-50,Male,Junior high school,Employee,Below 1yr,Long lorry,Owner,Residential areas,One way,Tangent road with flat terrain,No junction,Dry,Darkness - lights lit,Normal,Vehicle with vehicle collision,2,2,Going straight,Under 18,3,No priority to vehicle,Slight Injury,4
2051,Saturday,18-30,Male,Junior high school,Employee,2-5yr,Lorry (41?100Q),Owner,Other,One way,Tangent road with flat terrain,No junction,Dry,Darkness - lights lit,Normal,Collision with roadside objects,2,2,Going straight,Under 18,3,Changing lane to the right,Slight Injury,4
2052,Sunday,31-50,Male,Junior high school,Employee,2-5yr,Lorry (11?40Q),Owner,Church areas,Undivided Two way,Tangent road with flat terrain,Y Shape,Wet or damp,Daylight,Raining,Vehicle with vehicle collision,1,1,Other,na,na,No distancing,Slight Injury,13
2053,Thursday,Over 51,Male,Elementary school,Employee,5-10yr,Lorry (41?100Q),Owner,Recreational areas,other,Tangent road with flat terrain,Y Shape,Dry,Daylight,Normal,Vehicle with vehicle collision,2,1,Going straight,31-50,3,Moving Backward,Slight Injury,7
2054,Thursday,18-30,Male,Junior high school,Employee,Above 10yr,Public (12 seats),Owner,Industrial areas,Undivided Two way,Tangent road with flat terrain,Y Shape,Dry,Daylight,Normal,Vehicle with vehicle collision,2,1,Moving Backward,na,na,Moving Backward,Slight Injury,7
2055,Friday,18-30,Male,NaN,NaN,NaN,NaN,NaN,Residential areas,other,NaN,Y Shape,Dry,Darkness - lights lit,Normal,Vehicle with vehicle collision,2,1,Other,31-50,3,No distancing,Slight Injury,23
2056,Friday,Unknown,Male,Junior high school,Employee,2-5yr,Taxi,Owner,Residential areas,other,Tangent road with rolling terrain,Y Shape,Dry,Darkness - lights lit,Normal,Vehicle with vehicle collision,2,1,Going straight,na,na,No distancing,Slight Injury,23
2057,Friday,31-50,Male,Junior high school,Employee,5-10yr,NaN,Owner,Office areas,Double carriageway (median),Tangent road with flat terrain,Crossing,Dry,Daylight,Normal,Vehicle with vehicle collision,2,2,Going straight,31-50,3,No distancing,Slight Injury,17
2058,Friday,18-30,Male,Above high school,Employee,2-5yr,Automobile,Owner,Market areas,Undivided Two way,Tangent road with flat terrain,Crossing,Dry,Daylight,Normal,Collision with roadside objects,2,2,Going straight,Under 18,2,No priority to pedestrian,Slight Injury,17
2059,Friday,18-30,Male,NaN,NaN,NaN,NaN,NaN,Unknown,other,Tangent road with flat terrain,Crossing,Dry,Daylight,Normal,Collision with roadside objects,2,2,NaN,na,na,Driving carelessly,Slight Injury,17
2060,Thursday,18-30,Male,NaN,Employee,1-2yr,Lorry (41?100Q),Owner,Industrial areas,other,Tangent road with flat terrain,No junction,Dry,Daylight,Normal,Vehicle with vehicle collision,2,1,Going straight,31-50,3,Changing lane to the right,Serious Injury,15