id,day_of_week,age_band_of_driver,sex_of_driver,educational_level,vehicle_driver_relation,driving_experience,type_of_vehicle,owner_of_vehicle,area_accident_occured,lanes_or_medians,road_alignment,types_of_junction,road_surface_conditions,light_conditions,weather_conditions,type_of_collision,number_of_vehicles_involved,number_of_casualties,vehicle_movement,age_band_of_casualty,casualty_severity,cause_of_accident,accident_severity,hour
3714,Thursday,18-30,Male,Elementary school,Employee,1-2yr,Pick up upto 10Q,Owner,Church areas,Undivided Two way,Steep grade downward with mountainous terrain,No junction,Dry,Daylight,Normal,Vehicle with vehicle collision,2,2,Other,18-30,3,No distancing,Serious Injury,13
3715,Monday,31-50,Male,Junior high school,Employee,NaN,Lorry (41?100Q),Owner,Residential areas,Undivided Two way,Tangent road with flat terrain,No junction,Dry,Daylight,Normal,Collision with roadside objects,1,1,Going straight,na,na,Turnover,Slight Injury,17
3716,Sunday,31-50,Male,Elementary school,Employee,Above 10yr,Other,Owner,NaN,other,Tangent road with flat terrain,No junction,Dry,Daylight,Normal,Vehicle with vehicle collision,2,2,Going straight,31-50,3,No distancing,Slight Injury,10
3717,Sunday,31-50,Male,Junior high school,Owner,1-2yr,Automobile,Owner,Other,Undivided Two way,Tangent road with flat terrain,No junction,Dry,Daylight,Normal,Collision with roadside objects,2,2,Other,na,na,Changing lane to the right,Slight Injury,10
3718,Saturday,31-50,Male,NaN,NaN,NaN,Long lorry,Owner,Other,Two-way (divided with solid lines road marking),Tangent road with flat terrain,Y Shape,Dry,Darkness - lights lit,Normal,Vehicle with vehicle collision,2,1,Going straight,Under 18,3,No distancing,Slight Injury,23
3719,Saturday,18-30,Male,Junior high school,Employee,Above 10yr,Lorry (11?40Q),Owner,Church areas,Two-way (divided with solid lines road marking),Tangent road with flat terrain,Y Shape,Dry,Darkness - lights lit,Normal,Rollover,2,1,Going straight,na,na,Changing lane to the left,Slight Injury,23
3720,Wednesday,Over 51,Male,Elementary school,Owner,2-5yr,Long lorry,Governmental,Other,Two-way (divided with solid lines road marking),Tangent road with flat terrain,Y Shape,Dry,Darkness - lights lit,Normal,Vehicle with vehicle collision,1,1,Going straight,31-50,3,Driving carelessly,Slight Injury,6
3721,Thursday,Over 51,Male,Junior high school,Employee,5-10yr,Automobile,Owner,Church areas,Two-way (divided with solid lines road marking),Tangent road with flat terrain,No junction,Dry,Daylight,Normal,Vehicle with vehicle collision,3,1,Going straight,na,na,Changing lane to the right,Slight Injury,16
3722,Thursday,18-30,Male,Junior high school,Employee,Below 1yr,Taxi,Owner,Church areas,Two-way (divided with broken lines road marking),Tangent road with flat terrain,No junction,Dry,Daylight,Normal,Vehicle with vehicle collision,3,1,Going straight,Over 51,3,No priority to vehicle,Slight Injury,16
3723,Thursday,31-50,Male,Junior high school,Employee,5-10yr,Taxi,Owner,Other,Undivided Two way,Tangent road with flat terrain,No junction,Dry,Daylight,Normal,Vehicle with vehicle collision,3,1,Reversing,na,na,No distancing,Slight Injury,16
3724,Saturday,31-50,Male,High school,Employee,Above 10yr,Long lorry,Governmental,Other,Undivided Two way,Tangent road with flat terrain,Y Shape,Dry,Daylight,Normal,Vehicle with vehicle collision,1,1,Moving Backward,na,na,No priority to pedestrian,Slight Injury,11
3725,Wednesday,18-30,Male,Junior high school,Employee,5-10yr,Lorry (11?40Q),Owner,School areas,other,Tangent road with flat terrain,Unknown,Wet or damp,Daylight,Raining,Collision with pedestrians,2,1,Overtaking,31-50,3,No priority to pedestrian,Slight Injury,8
3726,Wednesday,18-30,Male,Elementary school,Employee,1-2yr,Lorry (11?40Q),Owner,Residential areas,Undivided Two way,Tangent road with flat terrain,Unknown,Wet or damp,Daylight,Raining,Rollover,2,1,Going straight,31-50,3,No priority to vehicle,Slight Injury,8
3727,Tuesday,31-50,Male,Junior high school,Employee,NaN,Long lorry,NaN,Other,Two-way (divided with broken lines road marking),Tangent road with flat terrain,Crossing,Wet or damp,Daylight,Raining,Vehicle with vehicle collision,2,3,Going straight,18-30,3,Changing lane to the left,Slight Injury,8
3728,Tuesday,31-50,Male,Elementary school,Employee,1-2yr,Turbo,Owner,Office areas,Undivided Two way,Tangent road with flat terrain,Crossing,Wet or damp,Daylight,Raining,Rollover,2,3,Going straight,18-30,3,Changing lane to the left,Slight Injury,8
3729,Tuesday,31-50,Male,Junior high school,Owner,1-2yr,Long lorry,Owner,Residential areas,Undivided Two way,Tangent road with flat terrain,Crossing,Wet or damp,Daylight,Raining,Vehicle with vehicle collision,2,3,Reversing,na,na,No distancing,Slight Injury,8
3730,Monday,18-30,Male,Above high school,Owner,1-2yr,Long lorry,Owner,Other,One way,Steep grade downward with mountainous terrain,No junction,Dry,Darkness - lights lit,Normal,Vehicle with vehicle collision,2,1,Going straight,31-50,3,No priority to vehicle,Slight Injury,22
3731,Monday,Unknown,Female,Junior high school,Owner,5-10yr,Public (13?45 seats),Owner,Residential areas,Two-way (divided with broken lines road marking),Tangent road with flat terrain,No junction,Dry,Darkness - lights lit,Normal,Vehicle with vehicle collision,2,1,Going straight,na,na,No distancing,Slight Injury,22
3732,Monday,Unknown,Female,Junior high school,Employee,5-10yr,Automobile,Owner,Residential areas,Undivided Two way,Tangent road with flat terrain,Y Shape,Dry,Daylight,Normal,Fall from vehicles,1,1,Other,na,na,No distancing,Serious Injury,15
3733,Saturday,Over 51,Male,Elementary school,Employee,5-10yr,Automobile,Owner,Residential areas,Two-way (divided with broken lines road marking),Tangent road with flat terrain,Y Shape,Dry,Daylight,Normal,Vehicle with vehicle collision,2,1,Entering a junction,18-30,3,Changing lane to the right,Slight Injury,11
3734,Saturday,18-30,Male,High school,Owner,Below 1yr,Pick up upto 10Q,Owner,Other,other,Tangent road with flat terrain,Y Shape,Dry,Daylight,Normal,Collision with roadside objects,2,1,Turnover,na,na,Changing lane to the left,Slight Injury,11
3735,Saturday,18-30,Male,Junior high school,Employee,Above 10yr,NaN,Owner,Other,Undivided Two way,Tangent road with flat terrain,No junction,Dry,Daylight,Normal,Vehicle with vehicle collision,2,1,Going straight,31-50,3,No distancing,Slight Injury,11
3736,Saturday,18-30,Male,Junior high school,Employee,5-10yr,Stationwagen,Owner,Other,One way,Tangent road with flat terrain,No junction,Dry,Daylight,Normal,Vehicle with vehicle collision,2,1,Going straight,Under 18,3,Overturning,Slight Injury,11
3737,Monday,18-30,Male,Junior high school,Employee,Below 1yr,NaN,Owner,Hospital areas,Undivided Two way,Tangent road with flat terrain,Crossing,Dry,Darkness - lights lit,Normal,Vehicle with vehicle collision,2,1,Going straight,18-30,2,No priority to vehicle,Slight Injury,21
3738,Monday,Unknown,Male,Junior high school,Employee,Above 10yr,Automobile,Owner,Residential areas,Undivided Two way,Tangent road with flat terrain,Crossing,Dry,Darkness - lights lit,Normal,Collision with pedestrians,2,1,Going straight,31-50,3,Moving Backward,Slight Injury,21
3739,Wednesday,31-50,Male,Junior high school,Employee,5-10yr,Automobile,Owner,Residential areas,One way,Tangent road with flat terrain,No junction,Dry,Daylight,Normal,Vehicle with vehicle collision,1,2,Going straight,na,na,Driving under the influence of drugs,Slight Injury,14
3740,Wednesday,31-50,Male,Junior high school,Owner,Above 10yr,Long lorry,Owner,Residential areas,Undivided Two way,Tangent road with flat terrain,No junction,Dry,Daylight,Normal,Vehicle with vehicle collision,1,2,Going straight,na,na,Moving Backward,Slight Injury,14
3741,Wednesday,31-50,Male,Junior high school,Employee,5-10yr,Public (13?45 seats),Owner,Other,Two-way (divided with broken lines road marking),Tangent road with flat terrain,Other,Wet or damp,Daylight,Raining,Vehicle with vehicle collision,2,1,Going straight,18-30,3,Changing lane to the right,Slight Injury,8
3742,Wednesday,18-30,Male,Junior high school,Employee,1-2yr,Public (13?45 seats),Owner,Office areas,Two-way (divided with broken lines road marking),Tangent road with flat terrain,Other,Wet or damp,Daylight,Raining,Rollover,2,1,Going straight,18-30,3,Overspeed,Slight Injury,8
3743,Saturday,18-30,Male,Junior high school,Employee,1-2yr,Lorry (11?40Q),Owner,Other,other,Tangent road with flat terrain,Other,Dry,Daylight,Normal,Collision with roadside objects,2,1,Getting off,na,na,Driving under the influence of drugs,Serious Injury,14
3744,Saturday,18-30,Male,Junior high school,Employee,1-2yr,Lorry (11?40Q),Owner,Office areas,Double carriageway (median),Tangent road with flat terrain,Other,Dry,Daylight,Normal,Vehicle with vehicle collision,2,1,Getting off,31-50,3,Driving carelessly,Serious Injury,14
3745,Monday,18-30,Male,High school,Employee,2-5yr,Pick up upto 10Q,Owner,Residential areas,Two-way (divided with broken lines road marking),Tangent road with flat terrain,Y Shape,Dry,Daylight,Normal,Vehicle with vehicle collision,1,2,Getting off,na,na,No distancing,Slight Injury,15
3746,Monday,18-30,Male,High school,Owner,Above 10yr,Automobile,Owner,Office areas,Double carriageway (median),Gentle horizontal curve,Y Shape,Dry,Daylight,Normal,Collision with roadside objects,1,2,Moving Backward,18-30,3,No priority to vehicle,Slight Injury,15
3747,Saturday,Over 51,Male,Elementary school,Employee,2-5yr,Automobile,Owner,Office areas,Double carriageway (median),Tangent road with flat terrain,Crossing,Dry,Daylight,Normal,Vehicle with vehicle collision,1,1,Going straight,Under 18,3,Overspeed,Serious Injury,12
3748,Wednesday,Over 51,Male,Junior high school,Employee,Above 10yr,Automobile,Organization,Other,Double carriageway (median),Tangent road with flat terrain,Y Shape,Wet or damp,Daylight,Raining,Vehicle with vehicle collision,2,1,Going straight,na,na,Driving under the influence of drugs,Slight Injury,11
3749,Wednesday,Over 51,Male,High school,Employee,2-5yr,Long lorry,Owner,Office areas,Two-way (divided with broken lines road marking),Tangent road with flat terrain,Y Shape,Wet or damp,Daylight,Raining,Vehicle with vehicle collision,2,1,Waiting to go,18-30,3,Changing lane to the right,Slight Injury,11
3750,Wednesday,18-30,Male,Junior high school,Other,No Licence,Long lorry,Owner,Office areas,NaN,Tangent road with flat terrain,Crossing,Wet or damp,Darkness - lights unlit,Normal,Rollover,2,1,Going straight,na,na,Changing lane to the right,Slight Injury,17
3752,Thursday,18-30,Male,Junior high school,Owner,5-10yr,Stationwagen,Owner,Other,Undivided Two way,Tangent road with flat terrain,Y Shape,Dry,Daylight,Normal,Collision with pedestrians,1,1,Going straight,na,na,Changing lane to the right,Slight Injury,16
3753,Saturday,18-30,Male,Junior high school,Employee,1-2yr,NaN,Owner,Residential areas,NaN,Tangent road with flat terrain,Crossing,Wet or damp,Daylight,Raining,Vehicle with vehicle collision,1,1,Going straight,Over 51,3,Moving Backward,Slight Injury,10
3754,Wednesday,Under 18,Male,Junior high school,Employee,Above 10yr,Other,Owner,Residential areas,Two-way (divided with broken lines road marking),Gentle horizontal curve,Y Shape,Dry,Daylight,Normal,Vehicle with vehicle collision,2,2,Going straight,5,3,No distancing,Serious Injury,18
3755,Wednesday,Under 18,Male,Junior high school,Employee,1-2yr,Special vehicle,Owner,Church areas,Two-way (divided with broken lines road marking),Tangent road with flat terrain,Y Shape,Dry,Daylight,Normal,Vehicle with vehicle collision,2,2,Going straight,18-30,3,Overspeed,Serious Injury,18
3756,Monday,31-50,Male,Junior high school,Employee,1-2yr,Lorry (41?100Q),Owner,Other,Two-way (divided with broken lines road marking),Tangent road with flat terrain,Unknown,Dry,Darkness - lights lit,Normal,Collision with pedestrians,1,1,Overtaking,na,na,No distancing,Slight Injury,17
3757,Friday,31-50,Male,Junior high school,Employee,2-5yr,Pick up upto 10Q,Owner,Residential areas,Two-way (divided with broken lines road marking),Tangent road with flat terrain,Unknown,Dry,Daylight,Normal,Collision with pedestrians,1,1,Going straight,Over 51,3,Driving carelessly,Slight Injury,16
3758,Sunday,Under 18,Male,High school,Employee,1-2yr,Lorry (11?40Q),Owner,Other,Undivided Two way,Tangent road with flat terrain,Y Shape,Wet or damp,Darkness - lights lit,Raining,Vehicle with vehicle collision,2,1,Going straight,na,na,No distancing,Slight Injury,20
3759,Sunday,18-30,Male,Junior high school,Employee,1-2yr,Lorry (41?100Q),Owner,Residential areas,Undivided Two way,Tangent road with flat terrain,Y Shape,Wet or damp,Darkness - lights lit,Raining,Vehicle with vehicle collision,2,1,Going straight,31-50,2,No distancing,Slight Injury,20
3760,Wednesday,18-30,Male,Elementary school,Employee,Above 10yr,Motorcycle,Owner,Residential areas,Two-way (divided with broken lines road marking),Tangent road with flat terrain,No junction,Dry,Darkness - lights lit,Normal,Vehicle with vehicle collision,1,3,Turnover,18-30,3,No distancing,Slight Injury,22
3761,Wednesday,18-30,Male,Junior high school,Employee,Above 10yr,Automobile,Owner,Other,Two-way (divided with broken lines road marking),Tangent road with flat terrain,No junction,Dry,Darkness - lights lit,Normal,Collision with roadside objects,1,3,Going straight,na,na,Changing lane to the right,Slight Injury,22
3762,Wednesday,18-30,Male,Elementary school,Employee,Above 10yr,Automobile,NaN,Other,Two-way (divided with broken lines road marking),Tangent road with flat terrain,No junction,Dry,Darkness - lights lit,Normal,Vehicle with vehicle collision,1,3,Going straight,31-50,3,No distancing,Slight Injury,22
3763,Wednesday,31-50,Male,Junior high school,Employee,Above 10yr,Automobile,Owner,Other,Undivided Two way,Tangent road with flat terrain,No junction,Wet or damp,Darkness - lights lit,Raining,Collision with roadside objects,2,1,Getting off,31-50,3,No priority to vehicle,Slight Injury,5
3764,Wednesday,Unknown,Female,Junior high school,Employee,1-2yr,Stationwagen,Owner,Other,Double carriageway (median),Tangent road with flat terrain,No junction,Wet or damp,Darkness - lights lit,Raining,Vehicle with vehicle collision,2,1,Moving Backward,18-30,3,Changing lane to the left,Slight Injury,5
3765,Monday,Over 51,Male,Junior high school,Employee,5-10yr,NaN,Owner,Residential areas,Two-way (divided with broken lines road marking),Tangent road with flat terrain,No junction,Dry,Daylight,Normal,Vehicle with vehicle collision,2,1,Getting off,na,na,Moving Backward,Slight Injury,9
3766,Monday,18-30,Male,High school,Owner,2-5yr,Public (> 45 seats),Owner,Recreational areas,Undivided Two way,Tangent road with flat terrain,No junction,Dry,Daylight,Normal,Collision with roadside objects,2,1,Overtaking,18-30,3,Driving carelessly,Slight Injury,9
3767,Wednesday,Unknown,Male,Junior high school,Employee,2-5yr,Public (> 45 seats),Owner,Other,other,Tangent road with flat terrain,Y Shape,Wet or damp,Daylight,Raining,Vehicle with vehicle collision,2,1,Going straight,na,na,Changing lane to the left,Slight Injury,9
3768,Wednesday,31-50,Unknown,Junior high school,Employee,5-10yr,Stationwagen,Owner,Office areas,Undivided Two way,Tangent road with flat terrain,Y Shape,Wet or damp,Daylight,Raining,Vehicle with vehicle collision,2,1,Going straight,18-30,3,No priority to pedestrian,Slight Injury,9
3769,Sunday,31-50,Male,Junior high school,Employee,5-10yr,Automobile,NaN,Other,Undivided Two way,Tangent road with flat terrain,Y Shape,Dry,Daylight,Normal,Collision with roadside objects,3,2,Going straight,na,na,No distancing,Slight Injury,13
3770,Sunday,Over 51,Male,Junior high school,Employee,2-5yr,Bicycle,Owner,Office areas,Undivided Two way,Tangent road with flat terrain,Y Shape,Dry,Daylight,Normal,Collision with roadside objects,3,2,Reversing,Under 18,3,No distancing,Slight Injury,13
3771,Sunday,31-50,Male,High school,Employee,Above 10yr,Automobile,Owner,Office areas,One way,Tangent road with flat terrain,Y Shape,Dry,Daylight,Normal,Vehicle with vehicle collision,3,2,Getting off,na,na,Overturning,Slight Injury,13
3772,Saturday,18-30,Male,Elementary school,Employee,5-10yr,Lorry (41?100Q),Owner,Office areas,Undivided Two way,Tangent road with flat terrain,Crossing,Dry,Darkness - lights lit,Normal,Vehicle with vehicle collision,2,2,Going straight,18-30,3,No distancing,Slight Injury,4
3773,Saturday,Over 51,Male,Junior high school,Employee,Above 10yr,Automobile,Owner,Other,Undivided Two way,Tangent road with flat terrain,Crossing,Dry,Darkness - lights lit,Normal,Vehicle with vehicle collision,2,2,Going straight,na,na,Drunk driving,Slight Injury,4
3774,Thursday,18-30,Male,Writing & reading,Employee,2-5yr,Public (13?45 seats),Governmental,Other,Double carriageway (median),Tangent road with flat terrain,Y Shape,Dry,Darkness - lights lit,Normal,Vehicle with vehicle collision,1,2,Going straight,na,na,Moving Backward,Serious Injury,2
3775,Thursday,18-30,Male,Junior high school,Employee,2-5yr,Special vehicle,Owner,Office areas,Two-way (divided with solid lines road marking),Tangent road with flat terrain,Y Shape,Dry,Darkness - lights lit,Normal,Vehicle with vehicle collision,1,2,Reversing,18-30,3,No priority to pedestrian,Serious Injury,2
3776,Tuesday,Unknown,Female,High school,Employee,2-5yr,Automobile,Owner,Residential areas,other,Tangent road with flat terrain,No junction,Wet or damp,Darkness - lights lit,Other,Vehicle with vehicle collision,2,1,Going straight,Under 18,3,Changing lane to the left,Slight Injury,19
3777,Tuesday,Under 18,Male,Junior high school,Employee,1-2yr,Public (13?45 seats),Governmental,Recreational areas,Undivided Two way,Tangent road with flat terrain,No junction,Wet or damp,Darkness - lights lit,Other,Vehicle with vehicle collision,2,1,Stopping,31-50,3,Changing lane to the left,Slight Injury,19
3778,Friday,Over 51,Male,High school,Employee,5-10yr,NaN,Owner,Other,other,Tangent road with flat terrain,No junction,Dry,Daylight,Normal,Vehicle with vehicle collision,1,1,Overtaking,na,na,Getting off the vehicle improperly,Slight Injury,13
3779,Thursday,18-30,Male,Elementary school,Employee,2-5yr,Lorry (41?100Q),Owner,Residential areas,other,Tangent road with flat terrain,Crossing,Wet or damp,Daylight,Raining,Vehicle with vehicle collision,2,3,Going straight,18-30,3,No distancing,Slight Injury,7
3780,Thursday,18-30,Male,Junior high school,Employee,1-2yr,Lorry (41?100Q),Owner,Other,other,Tangent road with flat terrain,Crossing,Wet or damp,Daylight,Raining,Vehicle with vehicle collision,2,3,Reversing,na,na,Changing lane to the right,Slight Injury,7
3781,Thursday,Over 51,Male,Elementary school,Employee,1-2yr,Public (12 seats),Owner,Other,other,Tangent road with flat terrain,Crossing,Wet or damp,Daylight,Raining,Vehicle with vehicle collision,2,3,Going straight,Under 18,3,Changing lane to the right,Slight Injury,7
3782,Tuesday,31-50,Male,High school,Employee,No Licence,Lorry (41?100Q),Owner,Other,One way,Tangent road with flat terrain,No junction,Wet or damp,Darkness - lights lit,Raining,Vehicle with vehicle collision,1,1,Going straight,na,na,Moving Backward,Serious Injury,20
3783,Tuesday,Over 51,Male,Junior high school,Owner,5-10yr,Lorry (41?100Q),Owner,Other,Two-way (divided with broken lines road marking),Tangent road with flat terrain,No junction,Wet or damp,Daylight,Raining,Vehicle with vehicle collision,3,1,Reversing,18-30,3,Driving at high speed,Slight Injury,16
3784,Tuesday,Under 18,Male,Junior high school,Employee,1-2yr,Public (12 seats),Owner,Other,other,Tangent road with flat terrain,No junction,Wet or damp,Daylight,Raining,Vehicle with vehicle collision,3,1,Going straight,na,na,Changing lane to the left,Slight Injury,16
3785,Tuesday,Unknown,Male,Junior high school,Employee,2-5yr,Public (> 45 seats),Owner,School areas,Undivided Two way,Tangent road with flat terrain,No junction,Wet or damp,Daylight,Raining,Vehicle with vehicle collision,3,1,Waiting to go,31-50,3,Changing lane to the right,Slight Injury,16
3786,Saturday,18-30,Male,Junior high school,Employee,5-10yr,Automobile,Owner,Office areas,Two-way (divided with broken lines road marking),Tangent road with flat terrain,Y Shape,Dry,Darkness - lights lit,Normal,Vehicle with vehicle collision,1,3,Going straight,na,na,No distancing,Serious Injury,0
3787,Saturday,18-30,Male,NaN,NaN,NaN,Pick up upto 10Q,Owner,Office areas,Two-way (divided with broken lines road marking),Tangent road with flat terrain,Y Shape,Dry,Darkness - lights lit,Normal,Vehicle with vehicle collision,1,3,Going straight,18-30,3,Changing lane to the right,Serious Injury,0
3788,Saturday,18-30,Male,NaN,NaN,NaN,Stationwagen,Owner,Office areas,Two-way (divided with broken lines road marking),Tangent road with flat terrain,Y Shape,Dry,Darkness - lights lit,Normal,Vehicle with vehicle collision,1,3,Going straight,31-50,3,Changing lane to the right,Serious Injury,0
3789,Monday,18-30,Male,Junior high school,Employee,2-5yr,Other,Owner,School areas,NaN,Tangent road with flat terrain,No junction,Dry,Darkness - lights lit,Normal,Collision with roadside objects,2,2,Going straight,na,na,No distancing,Serious Injury,18
3790,Monday,18-30,Male,Junior high school,Employee,Above 10yr,NaN,Governmental,School areas,Undivided Two way,Tangent road with flat terrain,No junction,Dry,Darkness - lights lit,Normal,Vehicle with vehicle collision,2,2,Getting off,18-30,3,Changing lane to the right,Serious Injury,18
3791,Monday,31-50,Male,Junior high school,Owner,Above 10yr,Automobile,Owner,Office areas,Two-way (divided with broken lines road marking),Tangent road with flat terrain,No junction,Dry,Darkness - lights lit,Normal,Collision with pedestrians,2,2,Going straight,31-50,3,Driving carelessly,Serious Injury,18
3792,Tuesday,31-50,Male,NaN,NaN,NaN,Stationwagen,Owner,Office areas,Two-way (divided with broken lines road marking),Tangent road with flat terrain,No junction,Dry,Daylight,Normal,Vehicle with vehicle collision,2,1,Going straight,18-30,3,Driving carelessly,Serious Injury,8
3793,Tuesday,31-50,Male,Elementary school,Owner,Above 10yr,Pick up upto 10Q,Governmental,School areas,Two-way (divided with broken lines road marking),Tangent road with flat terrain,No junction,Dry,Daylight,Normal,Collision with roadside objects,2,1,Going straight,5,3,Changing lane to the right,Serious Injury,8
3794,Monday,18-30,Unknown,NaN,NaN,NaN,Lorry (41?100Q),Owner,NaN,Two-way (divided with broken lines road marking),Tangent road with flat terrain,Crossing,Dry,Darkness - lights lit,Normal,Vehicle with vehicle collision,2,3,Reversing,na,na,Overturning,Slight Injury,18
3795,Monday,18-30,Male,Junior high school,Owner,5-10yr,Automobile,Owner,Other,Two-way (divided with broken lines road marking),Tangent road with flat terrain,Crossing,Dry,Darkness - lights lit,Normal,Vehicle with vehicle collision,2,3,Turnover,na,na,Changing lane to the right,Slight Injury,18
3796,Monday,31-50,Male,Junior high school,Owner,Above 10yr,NaN,Owner,Other,Undivided Two way,Tangent road with flat terrain,Crossing,Dry,Darkness - lights lit,Normal,Vehicle with vehicle collision,2,3,Going straight,18-30,2,Moving Backward,Slight Injury,18
3797,Saturday,18-30,Male,High school,Owner,Above 10yr,Lorry (41?100Q),Owner,Other,Two-way (divided with broken lines road marking),Tangent road with flat terrain,No junction,Dry,Darkness - lights lit,Normal,Vehicle with vehicle collision,3,3,Going straight,na,na,No distancing,Serious Injury,0
3798,Saturday,18-30,Male,NaN,NaN,NaN,Lorry (41?100Q),Owner,Residential areas,Undivided Two way,Tangent road with flat terrain,No junction,Dry,Darkness - lights lit,Normal,Vehicle with vehicle collision,3,3,Going straight,18-30,3,Overturning,Serious Injury,0
3799,Saturday,31-50,Male,Elementary school,Employee,5-10yr,Lorry (41?100Q),Governmental,Other,Undivided Two way,Tangent road with flat terrain,No junction,Dry,Darkness - lights lit,Normal,Rollover,3,3,Going straight,na,na,Driving carelessly,Serious Injury,0
3800,Saturday,Over 51,Male,Elementary school,Owner,Above 10yr,Pick up upto 10Q,Owner,Other,Undivided Two way,Tangent road with flat terrain,No junction,Dry,Darkness - lights lit,Normal,Collision with roadside objects,3,3,Getting off,31-50,3,Changing lane to the right,Serious Injury,0
3801,Saturday,Over 51,Male,Junior high school,Owner,Below 1yr,Pick up upto 10Q,Owner,Industrial areas,Undivided Two way,Tangent road with flat terrain,No junction,Dry,Darkness - lights lit,Normal,Vehicle with vehicle collision,3,3,Going straight,Under 18,3,Driving at high speed,Serious Injury,0
3802,Saturday,Unknown,Male,Junior high school,Owner,2-5yr,Automobile,Owner,Recreational areas,Undivided Two way,Tangent road with flat terrain,No junction,Dry,Darkness - lights lit,Normal,Collision with roadside objects,3,3,Going straight,18-30,3,Changing lane to the left,Serious Injury,0
3803,Wednesday,31-50,Male,Junior high school,Owner,2-5yr,Other,Owner,Church areas,Two-way (divided with broken lines road marking),Tangent road with flat terrain,Y Shape,Wet or damp,Daylight,Raining and Windy,Vehicle with vehicle collision,2,2,Going straight,na,na,Driving carelessly,Slight Injury,8
3804,Wednesday,31-50,Male,High school,Owner,5-10yr,NaN,Owner,Office areas,Two-way (divided with broken lines road marking),Tangent road with flat terrain,Y Shape,Wet or damp,Daylight,Raining and Windy,Vehicle with vehicle collision,2,2,Going straight,Under 18,3,No distancing,Slight Injury,8
3805,Wednesday,31-50,Male,Junior high school,Owner,NaN,Automobile,Owner,Other,Two-way (divided with broken lines road marking),Tangent road with flat terrain,Y Shape,Wet or damp,Daylight,Raining and Windy,Vehicle with vehicle collision,2,2,Going straight,18-30,3,Moving Backward,Slight Injury,8
3806,Monday,18-30,Male,NaN,Owner,Below 1yr,Motorcycle,Owner,Office areas,Undivided Two way,Tangent road with flat terrain,Y Shape,Wet or damp,Darkness - lights lit,Raining and Windy,Vehicle with vehicle collision,2,1,Going straight,na,na,No priority to pedestrian,Slight Injury,17
3807,Monday,31-50,Male,Elementary school,Owner,Above 10yr,Automobile,Owner,Office areas,Two-way (divided with broken lines road marking),Tangent road with flat terrain,Y Shape,Wet or damp,Darkness - lights lit,Raining and Windy,Vehicle with vehicle collision,2,1,Going straight,18-30,2,Moving Backward,Slight Injury,17
3808,Saturday,Unknown,Female,Elementary school,Owner,Below 1yr,Automobile,Owner,Other,Two-way (divided with broken lines road marking),Tangent road with flat terrain,No junction,Dry,Darkness - lights lit,Normal,Collision with roadside objects,1,2,Going straight,Over 51,3,Changing lane to the right,Slight Injury,2
3809,Saturday,Unknown,Female,Junior high school,Owner,5-10yr,Public (12 seats),Owner,Residential areas,Undivided Two way,Tangent road with flat terrain,No junction,Dry,Darkness - lights lit,Normal,Vehicle with vehicle collision,1,2,Going straight,18-30,3,No distancing,Slight Injury,2
3810,Saturday,31-50,Male,Junior high school,Owner,5-10yr,Long lorry,Owner,Office areas,other,Tangent road with mountainous terrain and,Y Shape,Wet or damp,Daylight,Normal,Collision with roadside objects,3,5,Going straight,na,na,Drunk driving,Slight Injury,13
3811,Saturday,31-50,Male,NaN,Owner,NaN,NaN,Owner,Residential areas,other,Tangent road with flat terrain,Y Shape,Wet or damp,Daylight,Normal,Vehicle with vehicle collision,3,5,Reversing,na,na,Changing lane to the right,Slight Injury,13
3812,Saturday,31-50,Male,Junior high school,Employee,1-2yr,Automobile,NaN,School areas,Two-way (divided with broken lines road marking),Tangent road with flat terrain,Y Shape,Wet or damp,Daylight,Normal,Vehicle with vehicle collision,3,5,Going straight,31-50,3,Driving carelessly,Slight Injury,13
3813,Saturday,31-50,Male,High school,Owner,5-10yr,Public (> 45 seats),Owner,Office areas,Two-way (divided with broken lines road marking),Sharp reverse curve,Y Shape,Wet or damp,Daylight,Normal,Vehicle with vehicle collision,3,5,Turnover,na,na,Driving to the left,Slight Injury,13
3814,Saturday,31-50,Male,Junior high school,Employee,5-10yr,Pick up upto 10Q,Owner,Other,other,Tangent road with flat terrain,Y Shape,Wet or damp,Daylight,Normal,Vehicle with vehicle collision,3,5,Going straight,18-30,2,Changing lane to the right,Slight Injury,13
3815,Saturday,31-50,Male,Junior high school,Employee,5-10yr,Lorry (41?100Q),Owner,Other,Undivided Two way,Tangent road with flat terrain,Y Shape,Wet or damp,Daylight,Normal,Vehicle with vehicle collision,3,5,Going straight,18-30,3,Changing lane to the right,Slight Injury,13
3816,Saturday,Over 51,Male,Junior high school,Employee,5-10yr,Automobile,Owner,Church areas,other,Tangent road with flat terrain,Y Shape,Wet or damp,Daylight,Normal,Vehicle with vehicle collision,3,5,Going straight,Over 51,3,Driving carelessly,Slight Injury,13
3817,Saturday,18-30,Male,Junior high school,Employee,Above 10yr,Public (13?45 seats),Owner,Office areas,Two-way (divided with broken lines road marking),Tangent road with flat terrain,No junction,Dry,Darkness - lights lit,Normal,Vehicle with vehicle collision,2,1,Going straight,31-50,3,Changing lane to the left,Slight Injury,22