id,day_of_week,age_band_of_driver,sex_of_driver,educational_level,vehicle_driver_relation,driving_experience,type_of_vehicle,owner_of_vehicle,area_accident_occured,lanes_or_medians,road_alignment,types_of_junction,road_surface_conditions,light_conditions,weather_conditions,type_of_collision,number_of_vehicles_involved,number_of_casualties,vehicle_movement,age_band_of_casualty,casualty_severity,cause_of_accident,accident_severity,hour
9935,Friday,31-50,Male,Junior high school,Employee,1-2yr,Pick up upto 10Q,Owner,Office areas,Two-way (divided with broken lines road marking),Tangent road with flat terrain,Y Shape,Dry,Daylight,Normal,Vehicle with vehicle collision,2,1,Going straight,18-30,3,Changing lane to the right,Slight Injury,12
9936,Friday,31-50,Male,Elementary school,Employee,1-2yr,Other,Owner,Other,Two-way (divided with broken lines road marking),Tangent road with flat terrain,Y Shape,Dry,Daylight,Normal,Collision with pedestrians,2,1,Going straight,na,na,Driving carelessly,Slight Injury,12
9937,Wednesday,18-30,Male,High school,Employee,No Licence,Stationwagen,Owner,Office areas,Undivided Two way,Tangent road with flat terrain,Y Shape,Dry,Daylight,Normal,Collision with pedestrians,2,1,Turnover,31-50,3,Driving to the left,Slight Injury,7
9938,Wednesday,31-50,Male,Junior high school,Owner,5-10yr,Pick up upto 10Q,Owner,Office areas,Two-way (divided with broken lines road marking),Tangent road with flat terrain,Y Shape,Dry,Daylight,Normal,Vehicle with vehicle collision,2,1,Going straight,31-50,3,Changing lane to the right,Slight Injury,7
9939,Sunday,Unknown,Female,Junior high school,Employee,1-2yr,Lorry (41?100Q),Owner,Other,Two-way (divided with broken lines road marking),Tangent road with flat terrain,Crossing,Dry,Darkness - lights lit,Normal,Vehicle with vehicle collision,2,1,Going straight,na,na,Changing lane to the right,Serious Injury,6
9940,Sunday,18-30,Male,Junior high school,Employee,2-5yr,Lorry (41?100Q),Owner,Residential areas,Undivided Two way,Tangent road with flat terrain,Crossing,Dry,Darkness - lights lit,Normal,Vehicle with vehicle collision,2,1,Reversing,Over 51,3,Driving carelessly,Serious Injury,6
9941,Saturday,31-50,Male,Junior high school,Employee,5-10yr,Automobile,Owner,Office areas,other,Tangent road with mountainous terrain and,Y Shape,Dry,Daylight,Normal,Vehicle with vehicle collision,1,1,Other,18-30,3,Changing lane to the left,Slight Injury,15
9942,Wednesday,31-50,Male,NaN,NaN,NaN,Automobile,Owner,Residential areas,other,Tangent road with flat terrain,Crossing,Dry,Darkness - no lighting,Normal,Vehicle with vehicle collision,1,1,Going straight,31-50,3,No priority to vehicle,Slight Injury,18
9943,Thursday,18-30,Male,NaN,NaN,NaN,Pick up upto 10Q,NaN,School areas,Two-way (divided with broken lines road marking),Tangent road with flat terrain,Y Shape,Wet or damp,Darkness - lights lit,Normal,Vehicle with vehicle collision,2,2,Going straight,na,na,Driving carelessly,Slight Injury,21
9944,Thursday,18-30,Male,Junior high school,Employee,2-5yr,Pick up upto 10Q,Owner,Office areas,Two-way (divided with broken lines road marking),Sharp reverse curve,Y Shape,Wet or damp,Darkness - lights lit,Normal,Vehicle with vehicle collision,2,2,Moving Backward,na,na,Changing lane to the right,Slight Injury,21
9945,Thursday,18-30,Male,Junior high school,Employee,Above 10yr,Lorry (41?100Q),Owner,Other,other,Tangent road with flat terrain,Y Shape,Wet or damp,Darkness - lights lit,Normal,Vehicle with vehicle collision,2,2,Reversing,18-30,3,Driving carelessly,Slight Injury,21
9946,Friday,31-50,Male,Junior high school,Owner,Above 10yr,Public (12 seats),Owner,Other,Undivided Two way,Tangent road with flat terrain,No junction,Dry,Daylight,Normal,Vehicle with vehicle collision,3,3,Going straight,31-50,3,Driving under the influence of drugs,Slight Injury,16
9947,Friday,31-50,Male,NaN,NaN,NaN,Other,Owner,Church areas,other,Tangent road with flat terrain,No junction,Dry,Daylight,Normal,Vehicle with vehicle collision,3,3,Going straight,18-30,3,No distancing,Slight Injury,16
9948,Friday,31-50,Male,Elementary school,Owner,Above 10yr,Stationwagen,Owner,Office areas,Two-way (divided with broken lines road marking),Tangent road with flat terrain,No junction,Dry,Daylight,Normal,Collision with roadside objects,3,3,Moving Backward,18-30,3,Changing lane to the left,Slight Injury,16
9949,Friday,Unknown,Female,Junior high school,Employee,Above 10yr,Automobile,Owner,Other,Two-way (divided with broken lines road marking),Tangent road with flat terrain,No junction,Dry,Daylight,Normal,Rollover,3,3,Going straight,Over 51,2,No priority to vehicle,Slight Injury,16
9950,Friday,Unknown,Female,Elementary school,Owner,2-5yr,Automobile,Owner,Office areas,Two-way (divided with broken lines road marking),Tangent road with mild grade and flat terrain,No junction,Dry,Daylight,Normal,Vehicle with vehicle collision,3,3,Going straight,na,na,Moving Backward,Slight Injury,16
9951,Monday,18-30,Male,Junior high school,Employee,5-10yr,Lorry (41?100Q),Owner,Office areas,Two-way (divided with broken lines road marking),Tangent road with flat terrain,No junction,Dry,Darkness - no lighting,Normal,Vehicle with vehicle collision,2,2,Going straight,18-30,3,Moving Backward,Slight Injury,20
9972,Monday,18-30,Male,Junior high school,Employee,Above 10yr,Automobile,Owner,Market areas,other,Steep grade downward with mountainous terrain,Y Shape,Dry,Daylight,Unknown,Collision with pedestrians,3,4,NaN,na,na,Driving under the influence of drugs,Serious Injury,15
9952,Monday,18-30,Male,Junior high school,Employee,Below 1yr,Stationwagen,Owner,Office areas,Two-way (divided with broken lines road marking),Sharp reverse curve,No junction,Dry,Darkness - no lighting,Normal,Vehicle with vehicle collision,2,2,Going straight,na,na,No distancing,Slight Injury,20
9953,Monday,18-30,Male,Junior high school,Employee,5-10yr,Lorry (41?100Q),Owner,Church areas,Undivided Two way,Sharp reverse curve,No junction,Dry,Darkness - no lighting,Normal,Vehicle with vehicle collision,2,2,Going straight,Under 18,3,Changing lane to the right,Slight Injury,20
9954,Tuesday,31-50,Male,High school,Employee,Above 10yr,Public (> 45 seats),Owner,Office areas,Undivided Two way,Gentle horizontal curve,Y Shape,Dry,Daylight,Normal,Vehicle with vehicle collision,1,1,Going straight,na,na,Changing lane to the right,Slight Injury,15
9955,Thursday,31-50,Male,Junior high school,Employee,5-10yr,Automobile,Owner,Other,Double carriageway (median),Gentle horizontal curve,No junction,Wet or damp,Darkness - lights lit,Normal,Collision with roadside objects,2,1,NaN,18-30,3,Moving Backward,Slight Injury,20
9956,Thursday,31-50,Male,Elementary school,Employee,1-2yr,Automobile,Owner,Other,Two-way (divided with broken lines road marking),Tangent road with flat terrain,No junction,Wet or damp,Darkness - lights lit,Normal,Collision with roadside objects,2,1,Going straight,na,na,Driving carelessly,Slight Injury,20
9957,Sunday,31-50,Male,Junior high school,Employee,NaN,Automobile,Owner,Church areas,Unknown,Tangent road with mountainous terrain and,Crossing,Wet or damp,Daylight,Raining,Vehicle with vehicle collision,2,2,Reversing,18-30,3,Driving under the influence of drugs,Slight Injury,13
9958,Sunday,31-50,Male,Above high school,Employee,1-2yr,NaN,Owner,School areas,Undivided Two way,Tangent road with flat terrain,Crossing,Wet or damp,Daylight,Raining,Collision with roadside objects,2,2,Going straight,na,na,No distancing,Slight Injury,13
9959,Sunday,31-50,Male,Junior high school,Employee,Above 10yr,Lorry (41?100Q),NaN,Church areas,Two-way (divided with broken lines road marking),Tangent road with flat terrain,Crossing,Wet or damp,Daylight,Raining,Vehicle with vehicle collision,2,2,Going straight,31-50,3,No distancing,Slight Injury,13
9960,Tuesday,31-50,Male,Junior high school,Employee,1-2yr,Lorry (41?100Q),Owner,Office areas,Undivided Two way,Tangent road with flat terrain,Crossing,Dry,Daylight,Normal,Vehicle with vehicle collision,2,1,Going straight,na,na,No priority to vehicle,Slight Injury,16
9961,Tuesday,31-50,Male,Junior high school,Employee,5-10yr,Automobile,Owner,Other,other,Tangent road with flat terrain,Crossing,Dry,Daylight,Normal,Vehicle with vehicle collision,2,1,Going straight,18-30,3,Driving to the left,Slight Injury,16
9962,Monday,31-50,Male,Junior high school,Employee,2-5yr,Stationwagen,Owner,Church areas,Two-way (divided with broken lines road marking),Steep grade upward with mountainous terrain,No junction,Dry,Daylight,Normal,Vehicle with vehicle collision,1,1,Going straight,Under 18,3,No priority to vehicle,Serious Injury,15
9963,Wednesday,18-30,Male,NaN,NaN,NaN,Public (12 seats),Governmental,Other,Double carriageway (median),Tangent road with flat terrain,No junction,Dry,Daylight,Normal,Vehicle with vehicle collision,1,1,Going straight,na,na,No priority to vehicle,Slight Injury,17
9964,Tuesday,18-30,Male,Junior high school,Employee,2-5yr,Public (12 seats),Governmental,Other,Double carriageway (median),Tangent road with flat terrain,No junction,Dry,Darkness - lights lit,Normal,Vehicle with vehicle collision,3,3,Other,31-50,3,No priority to vehicle,Slight Injury,18
9965,Tuesday,18-30,Male,Junior high school,Employee,2-5yr,Automobile,Organization,Office areas,Two-way (divided with broken lines road marking),Gentle horizontal curve,No junction,Dry,Darkness - lights lit,Normal,Collision with pedestrians,3,3,Moving Backward,18-30,3,No distancing,Slight Injury,18
9966,Tuesday,31-50,Male,Junior high school,Employee,Above 10yr,Public (12 seats),Organization,Other,Two-way (divided with broken lines road marking),Tangent road with flat terrain,No junction,Dry,Darkness - lights lit,Normal,Vehicle with vehicle collision,3,3,Other,na,na,Moving Backward,Slight Injury,18
9967,Tuesday,Over 51,Male,Junior high school,Employee,1-2yr,Public (12 seats),Owner,Other,Two-way (divided with broken lines road marking),Tangent road with flat terrain,No junction,Dry,Darkness - lights lit,Normal,Collision with roadside objects,3,3,Going straight,na,na,Changing lane to the right,Slight Injury,18
9968,Saturday,31-50,Male,Above high school,Owner,1-2yr,Lorry (41?100Q),Governmental,Residential areas,Two-way (divided with broken lines road marking),Tangent road with flat terrain,No junction,Dry,Darkness - lights lit,Normal,Vehicle with vehicle collision,2,1,Going straight,18-30,3,Driving carelessly,Slight Injury,18
9969,Saturday,31-50,Male,Above high school,Employee,No Licence,Automobile,Owner,Office areas,Two-way (divided with broken lines road marking),Tangent road with flat terrain,No junction,Dry,Darkness - lights lit,Normal,Collision with roadside objects,2,1,Going straight,31-50,2,Changing lane to the left,Slight Injury,18
9970,Friday,18-30,Male,Junior high school,Employee,1-2yr,Lorry (41?100Q),Owner,Church areas,One way,Tangent road with flat terrain,Y Shape,Dry,Daylight,Normal,Vehicle with vehicle collision,2,1,Other,na,na,No distancing,Slight Injury,12
9971,Friday,18-30,Male,Junior high school,Employee,5-10yr,NaN,Owner,NaN,Undivided Two way,Tangent road with flat terrain,Y Shape,Dry,Daylight,Normal,Vehicle with vehicle collision,2,1,Going straight,31-50,3,Changing lane to the right,Slight Injury,12
9973,Monday,18-30,Male,Junior high school,Employee,Above 10yr,Stationwagen,Owner,Other,Two-way (divided with broken lines road marking),Tangent road with mountainous terrain and,Y Shape,Dry,Daylight,Unknown,Vehicle with vehicle collision,3,4,Going straight,na,na,No distancing,Serious Injury,15
9974,Monday,Over 51,Male,Junior high school,Owner,5-10yr,NaN,Owner,Other,Undivided Two way,Tangent road with mountainous terrain and,Y Shape,Dry,Daylight,Unknown,Vehicle with vehicle collision,3,4,Going straight,5,3,Overturning,Serious Injury,15
9975,Monday,Over 51,Male,Elementary school,Employee,2-5yr,NaN,Owner,Church areas,Undivided Two way,Tangent road with flat terrain,Y Shape,Dry,Daylight,Unknown,Vehicle with vehicle collision,3,4,Going straight,18-30,3,No distancing,Serious Injury,15
9976,Thursday,18-30,Male,Junior high school,Employee,2-5yr,Automobile,Governmental,Residential areas,Undivided Two way,Tangent road with flat terrain,Crossing,Dry,Daylight,Normal,Vehicle with vehicle collision,1,1,Going straight,na,na,Changing lane to the right,Slight Injury,8
9977,Wednesday,31-50,Male,Junior high school,Employee,Below 1yr,Stationwagen,Owner,Other,Undivided Two way,Tangent road with flat terrain,No junction,Dry,Daylight,Normal,Collision with pedestrians,1,1,Moving Backward,18-30,3,No priority to vehicle,Serious Injury,16
9978,Saturday,18-30,Male,Junior high school,Employee,2-5yr,Automobile,Owner,Other,Two-way (divided with broken lines road marking),Tangent road with flat terrain,Crossing,Wet or damp,Darkness - lights lit,Normal,Vehicle with vehicle collision,2,1,Moving Backward,na,na,Changing lane to the right,Slight Injury,19
9979,Saturday,18-30,Male,Junior high school,Employee,2-5yr,Other,Owner,Other,Double carriageway (median),Tangent road with flat terrain,Crossing,Wet or damp,Darkness - lights lit,Normal,Vehicle with vehicle collision,2,1,Going straight,Over 51,3,Changing lane to the left,Slight Injury,19
9980,Monday,18-30,Male,Elementary school,Employee,5-10yr,Other,Owner,Recreational areas,Two-way (divided with broken lines road marking),Tangent road with flat terrain,Y Shape,Wet or damp,Daylight,Fog or mist,Vehicle with vehicle collision,2,1,Going straight,Over 51,3,No distancing,Slight Injury,8
9981,Monday,31-50,Male,Junior high school,Employee,Above 10yr,Automobile,Owner,Recreational areas,One way,Tangent road with flat terrain,Y Shape,Wet or damp,Daylight,Fog or mist,Vehicle with vehicle collision,2,1,Turnover,Under 18,3,No priority to pedestrian,Slight Injury,8
9982,Saturday,18-30,Male,NaN,NaN,NaN,Lorry (41?100Q),Owner,Other,Two-way (divided with broken lines road marking),Tangent road with flat terrain,Y Shape,Dry,Daylight,Normal,Collision with roadside objects,2,1,Going straight,31-50,3,Driving carelessly,Slight Injury,17
9983,Saturday,31-50,Male,Junior high school,Employee,2-5yr,Lorry (41?100Q),Organization,Office areas,Two-way (divided with broken lines road marking),Tangent road with flat terrain,Y Shape,Dry,Daylight,Normal,Vehicle with vehicle collision,2,1,Going straight,Over 51,3,No distancing,Slight Injury,17
9984,Tuesday,18-30,Male,Junior high school,Employee,5-10yr,Lorry (41?100Q),Owner,Residential areas,Two-way (divided with broken lines road marking),Tangent road with flat terrain,Y Shape,Wet or damp,Darkness - lights lit,Windy,Vehicle with vehicle collision,1,1,Going straight,na,na,Driving carelessly,Serious Injury,20
9985,Saturday,31-50,Male,Above high school,Employee,2-5yr,Automobile,Owner,Other,Two-way (divided with broken lines road marking),Tangent road with flat terrain,Y Shape,Dry,Daylight,Normal,Vehicle with vehicle collision,2,1,Going straight,18-30,3,Driving carelessly,Slight Injury,14
9986,Saturday,18-30,Male,NaN,NaN,NaN,Automobile,NaN,Residential areas,Undivided Two way,Steep grade downward with mountainous terrain,Y Shape,Dry,Daylight,Normal,Vehicle with vehicle collision,2,1,Going straight,na,na,Moving Backward,Slight Injury,14
9987,Friday,Over 51,Male,NaN,Employee,1-2yr,Public (13?45 seats),Owner,Church areas,Double carriageway (median),Tangent road with flat terrain,Other,Dry,Daylight,Normal,Collision with roadside objects,1,1,Going straight,na,na,Overtaking,Slight Injury,14
9988,Tuesday,Over 51,Male,Junior high school,Employee,2-5yr,Public (13?45 seats),Owner,Other,One way,Tangent road with flat terrain,Y Shape,Dry,Daylight,Normal,Vehicle with vehicle collision,2,1,Going straight,31-50,3,No priority to vehicle,Serious Injury,16
9989,Tuesday,Over 51,Male,Junior high school,Employee,Above 10yr,Lorry (41?100Q),Owner,Office areas,Two-way (divided with broken lines road marking),Tangent road with mountainous terrain and,Y Shape,Dry,Daylight,Normal,Vehicle with vehicle collision,2,1,Going straight,na,na,No priority to vehicle,Serious Injury,16
9990,Saturday,31-50,Male,Junior high school,Employee,Below 1yr,Lorry (41?100Q),Owner,Other,Undivided Two way,Tangent road with flat terrain,Y Shape,Dry,Daylight,Normal,Vehicle with vehicle collision,2,2,NaN,31-50,3,Changing lane to the left,Slight Injury,13
9991,Saturday,31-50,Male,Junior high school,Employee,2-5yr,Public (12 seats),Owner,Recreational areas,Two-way (divided with broken lines road marking),Steep grade downward with mountainous terrain,Y Shape,Dry,Daylight,Normal,Vehicle with vehicle collision,2,2,Other,na,na,No priority to vehicle,Slight Injury,13
9992,Saturday,18-30,Male,Junior high school,Employee,Below 1yr,Other,Owner,Other,Undivided Two way,Tangent road with flat terrain,Y Shape,Dry,Daylight,Normal,Vehicle with vehicle collision,2,2,Getting off,Under 18,3,No distancing,Slight Injury,13
9993,Monday,31-50,Male,High school,Employee,5-10yr,Lorry (41?100Q),Owner,Office areas,Two-way (divided with broken lines road marking),Tangent road with flat terrain,Y Shape,Dry,Daylight,Cloudy,Vehicle with vehicle collision,2,1,Going straight,18-30,3,Moving Backward,Slight Injury,15
9994,Monday,Over 51,Male,Above high school,Employee,1-2yr,Automobile,Governmental,Residential areas,Undivided Two way,Tangent road with flat terrain,Y Shape,Dry,Daylight,Cloudy,Vehicle with vehicle collision,2,1,Going straight,na,na,Changing lane to the right,Slight Injury,15
9995,Thursday,18-30,Male,Junior high school,Employee,Below 1yr,Other,Owner,Office areas,One way,Tangent road with flat terrain,No junction,Wet or damp,Daylight,Normal,Vehicle with vehicle collision,1,1,Going straight,31-50,3,No distancing,Slight Injury,12
9996,Wednesday,18-30,Male,NaN,NaN,NaN,Motorcycle,Owner,Office areas,Two-way (divided with broken lines road marking),Tangent road with flat terrain,No junction,Wet or damp,Darkness - lights lit,Raining,Vehicle with vehicle collision,2,1,Other,na,na,Overtaking,Slight Injury,18
9997,Wednesday,31-50,Male,High school,Employee,Below 1yr,Automobile,Owner,Church areas,Double carriageway (median),Tangent road with flat terrain,No junction,Wet or damp,Darkness - lights lit,Raining,Vehicle with vehicle collision,2,1,Going straight,18-30,3,No distancing,Slight Injury,18
9998,Tuesday,31-50,Male,High school,Employee,Below 1yr,Automobile,Owner,Church areas,Undivided Two way,Tangent road with flat terrain,No junction,Dry,Darkness - lights lit,Normal,Vehicle with vehicle collision,1,1,Moving Backward,na,na,Changing lane to the left,Serious Injury,19
9999,Friday,31-50,Male,NaN,NaN,NaN,Lorry (41?100Q),Owner,Residential areas,Undivided Two way,Tangent road with flat terrain,No junction,Dry,Daylight,Normal,Collision with roadside objects,2,1,Other,31-50,3,Driving under the influence of drugs,Slight Injury,17
10000,Friday,31-50,Male,High school,Employee,2-5yr,Automobile,Owner,Other,Undivided Two way,Tangent road with flat terrain,No junction,Dry,Daylight,Normal,Collision with roadside objects,2,1,Going straight,na,na,No distancing,Slight Injury,17
10001,Friday,31-50,Male,Junior high school,Employee,Above 10yr,Public (> 45 seats),Owner,Other,other,Tangent road with flat terrain,Y Shape,Wet or damp,Daylight,Normal,Collision with roadside objects,1,1,Going straight,31-50,3,No distancing,Slight Injury,12
10002,Friday,18-30,Male,Junior high school,Employee,Above 10yr,Lorry (41?100Q),Owner,NaN,Undivided Two way,Tangent road with flat terrain,Y Shape,Dry,Daylight,Normal,Collision with pedestrians,2,1,Going straight,18-30,3,Changing lane to the right,Slight Injury,7
10003,Friday,18-30,Male,Junior high school,Employee,5-10yr,Public (> 45 seats),Owner,Residential areas,Undivided Two way,Tangent road with flat terrain,Y Shape,Dry,Daylight,Normal,Vehicle with vehicle collision,2,1,NaN,na,na,Changing lane to the left,Slight Injury,7
10004,Friday,18-30,Male,Junior high school,Employee,1-2yr,Lorry (41?100Q),Owner,Office areas,Undivided Two way,Tangent road with flat terrain,No junction,Wet or damp,Daylight,Normal,Vehicle with vehicle collision,3,1,Going straight,18-30,2,Moving Backward,Slight Injury,17
10005,Friday,31-50,Male,Unknown,Employee,Below 1yr,Lorry (41?100Q),Owner,Residential areas,Undivided Two way,Tangent road with flat terrain,No junction,Wet or damp,Daylight,Normal,Collision with pedestrians,3,1,Going straight,na,na,No distancing,Slight Injury,17
10006,Friday,18-30,Male,Junior high school,Employee,Below 1yr,Lorry (41?100Q),Owner,Other,Two-way (divided with broken lines road marking),Tangent road with flat terrain,No junction,Wet or damp,Daylight,Normal,Vehicle with vehicle collision,3,1,Going straight,na,na,No distancing,Slight Injury,17
10007,Friday,31-50,Male,High school,Employee,2-5yr,Public (12 seats),Owner,Other,Two-way (divided with broken lines road marking),Tangent road with flat terrain,Y Shape,Wet or damp,Daylight,Raining,Vehicle with vehicle collision,2,1,Going straight,31-50,3,Driving carelessly,Slight Injury,9
10008,Friday,18-30,Male,Junior high school,Owner,1-2yr,Public (12 seats),Owner,Recreational areas,Two-way (divided with broken lines road marking),Tangent road with flat terrain,Y Shape,Wet or damp,Daylight,Raining,Vehicle with vehicle collision,2,1,Going straight,na,na,Moving Backward,Slight Injury,9
10009,Wednesday,31-50,Male,Junior high school,Employee,5-10yr,Stationwagen,Owner,Church areas,One way,Tangent road with flat terrain,No junction,Dry,Daylight,Normal,Vehicle with vehicle collision,1,1,Going straight,Under 18,3,No distancing,Slight Injury,16
10010,Sunday,Unknown,Female,Elementary school,Employee,2-5yr,Lorry (41?100Q),Owner,School areas,Two-way (divided with broken lines road marking),Tangent road with flat terrain,Crossing,Dry,Darkness - lights lit,Normal,Vehicle with vehicle collision,1,1,Going straight,na,na,Changing lane to the right,Slight Injury,18
10011,Sunday,Over 51,Male,Elementary school,Owner,5-10yr,Automobile,Owner,Office areas,Undivided Two way,Tangent road with flat terrain,Y Shape,Dry,Daylight,Normal,Vehicle with vehicle collision,3,3,Going straight,18-30,3,Driving carelessly,Slight Injury,13
10012,Sunday,18-30,Male,Junior high school,Employee,Above 10yr,Pick up upto 10Q,Owner,Other,NaN,Tangent road with flat terrain,Y Shape,Dry,Daylight,Normal,Collision with roadside objects,3,3,Going straight,18-30,3,Driving to the left,Slight Injury,13
10013,Sunday,18-30,Male,Junior high school,Employee,5-10yr,Automobile,Owner,Residential areas,Undivided Two way,Tangent road with flat terrain,Y Shape,Dry,Daylight,Normal,Collision with pedestrians,3,3,Going straight,31-50,3,Changing lane to the right,Slight Injury,13
10014,Sunday,18-30,Male,High school,Employee,5-10yr,Public (13?45 seats),Owner,Other,Undivided Two way,Tangent road with flat terrain,Y Shape,Dry,Daylight,Normal,Vehicle with vehicle collision,3,3,Going straight,na,na,Driving carelessly,Slight Injury,13
10015,Sunday,Unknown,Female,Junior high school,Employee,5-10yr,Public (> 45 seats),Owner,Other,other,Steep grade downward with mountainous terrain,No junction,Dry,Darkness - lights lit,Normal,Vehicle with vehicle collision,2,2,NaN,na,na,Changing lane to the right,Slight Injury,19
10016,Sunday,31-50,Male,Junior high school,Employee,Above 10yr,Stationwagen,Owner,Office areas,One way,Steep grade downward with mountainous terrain,No junction,Dry,Darkness - lights lit,Normal,Collision with roadside objects,2,2,Going straight,18-30,3,No priority to vehicle,Slight Injury,19
10017,Sunday,31-50,Male,Junior high school,NaN,1-2yr,NaN,Owner,Residential areas,Two-way (divided with broken lines road marking),Tangent road with flat terrain,No junction,Dry,Darkness - lights lit,Normal,Vehicle with vehicle collision,2,2,Going straight,na,na,Changing lane to the right,Slight Injury,19
10018,Saturday,31-50,Male,Junior high school,Employee,2-5yr,Lorry (41?100Q),Owner,Other,Two-way (divided with broken lines road marking),Tangent road with flat terrain,No junction,Dry,Daylight,Normal,Vehicle with vehicle collision,1,1,Going straight,Over 51,3,Turnover,Slight Injury,11
10019,Sunday,31-50,Male,Junior high school,Employee,1-2yr,Stationwagen,Organization,Residential areas,Undivided Two way,Tangent road with flat terrain,Crossing,Dry,Daylight,Normal,Vehicle with vehicle collision,3,2,Going straight,na,na,No priority to vehicle,Slight Injury,12
10020,Sunday,18-30,Male,NaN,NaN,NaN,Lorry (41?100Q),Owner,Church areas,Two-way (divided with broken lines road marking),Tangent road with flat terrain,Crossing,Dry,Daylight,Normal,Vehicle with vehicle collision,3,2,Turnover,31-50,3,Driving at high speed,Slight Injury,12
10021,Sunday,18-30,Male,Elementary school,Employee,5-10yr,Public (12 seats),Governmental,Residential areas,Two-way (divided with broken lines road marking),Tangent road with flat terrain,Crossing,Dry,Daylight,Normal,Vehicle with vehicle collision,3,2,Moving Backward,5,3,No distancing,Slight Injury,12
10022,Friday,18-30,Male,Junior high school,Employee,5-10yr,Lorry (41?100Q),Owner,Office areas,One way,Tangent road with flat terrain,Y Shape,Dry,Darkness - lights lit,Normal,Vehicle with vehicle collision,2,1,Going straight,18-30,3,No distancing,Slight Injury,20
10023,Friday,31-50,Male,Junior high school,Employee,Above 10yr,Other,Governmental,Residential areas,Two-way (divided with broken lines road marking),Tangent road with flat terrain,Y Shape,Dry,Darkness - lights lit,Normal,Vehicle with vehicle collision,2,1,Going straight,na,na,Driving carelessly,Slight Injury,20
10024,Tuesday,Under 18,Male,Junior high school,Employee,2-5yr,Stationwagen,Owner,Other,One way,Tangent road with flat terrain,Crossing,Wet or damp,Daylight,Other,Vehicle with vehicle collision,2,1,Moving Backward,na,na,Driving carelessly,Slight Injury,12
10025,Tuesday,18-30,Male,Junior high school,Owner,Above 10yr,Automobile,Owner,Industrial areas,Two-way (divided with broken lines road marking),Tangent road with flat terrain,Crossing,Wet or damp,Daylight,Other,Collision with roadside objects,2,1,Going straight,18-30,3,Moving Backward,Slight Injury,12
10026,Thursday,31-50,Male,Junior high school,Employee,2-5yr,Public (> 45 seats),Owner,Church areas,Two-way (divided with broken lines road marking),Tangent road with flat terrain,Y Shape,Dry,Daylight,Normal,Collision with roadside objects,2,1,Moving Backward,na,na,No distancing,Slight Injury,8
10027,Thursday,18-30,Male,Elementary school,Other,5-10yr,Other,Owner,Residential areas,Undivided Two way,Steep grade downward with mountainous terrain,Y Shape,Dry,Daylight,Normal,Collision with roadside objects,2,1,Going straight,18-30,3,Changing lane to the right,Slight Injury,8
10028,Tuesday,18-30,Male,Elementary school,Employee,5-10yr,Lorry (41?100Q),NaN,NaN,Two-way (divided with broken lines road marking),Tangent road with flat terrain,Y Shape,Dry,Daylight,Normal,Vehicle with vehicle collision,1,1,Going straight,na,na,Overtaking,Serious Injury,8
10029,Tuesday,31-50,Male,Junior high school,NaN,5-10yr,Automobile,NaN,NaN,Two-way (divided with broken lines road marking),Tangent road with flat terrain,Y Shape,Dry,Daylight,Normal,Collision with pedestrians,2,1,Going straight,31-50,3,No distancing,Slight Injury,15
10030,Tuesday,31-50,Male,Junior high school,Employee,5-10yr,Public (> 45 seats),Owner,Office areas,Undivided Two way,Tangent road with flat terrain,Y Shape,Dry,Daylight,Normal,Vehicle with vehicle collision,2,1,Other,31-50,3,Overtaking,Slight Injury,15
10031,Sunday,18-30,Male,Elementary school,Employee,Above 10yr,NaN,Owner,Outside rural areas,Two-way (divided with broken lines road marking),Tangent road with mountainous terrain and,Crossing,Dry,Daylight,Normal,Collision with pedestrians,2,1,Other,na,na,Moving Backward,Slight Injury,18
10032,Sunday,Over 51,Male,Junior high school,NaN,Below 1yr,Automobile,Owner,Church areas,Two-way (divided with broken lines road marking),Steep grade downward with mountainous terrain,Crossing,Dry,Daylight,Normal,Vehicle with vehicle collision,2,1,Going straight,na,na,No distancing,Slight Injury,18
10033,Monday,Over 51,Male,Junior high school,Employee,5-10yr,Pick up upto 10Q,Owner,Office areas,other,Tangent road with mountainous terrain and,No junction,Wet or damp,Daylight,Normal,Collision with pedestrians,2,1,Reversing,18-30,3,No distancing,Slight Injury,9
10034,Monday,Over 51,Male,Elementary school,Employee,1-2yr,Public (12 seats),Owner,Church areas,Two-way (divided with broken lines road marking),Steep grade downward with mountainous terrain,No junction,Wet or damp,Daylight,Normal,Vehicle with vehicle collision,2,1,Going straight,18-30,3,No priority to vehicle,Slight Injury,9
10035,Wednesday,31-50,Male,NaN,NaN,NaN,Lorry (41?100Q),NaN,Office areas,other,Tangent road with mountainous terrain and,Crossing,Dry,Darkness - lights lit,Normal,Vehicle with vehicle collision,1,1,Going straight,na,na,No priority to vehicle,Slight Injury,20